Company name,Sector Name,Financial Year,Market Price,(DCF) Intrinsic Value,(P/E Relative Valuation) Intrinsic Value,(EV/EBITDA Valuation) Intrinsic Value,(XGBoost) Intrinsic Value,(Random Forest) Intrinsic Value,(LightGBM) Intrinsic Value
Garden Reach Shipbuilders and Engineers Limited,Defence and Aerospace,2025,"₹1,603.91",₹962.06,"₹1,788.87","₹1,855.28","₹2,951.54","₹2,852.79","₹3,142.52"
Garden Reach Shipbuilders and Engineers Limited,Defence and Aerospace,2024,₹712.42,₹727.65*,₹830.50,"₹1,080.76","₹1,257.07","₹1,142.22","₹1,143.83"
Garden Reach Shipbuilders and Engineers Limited,Defence and Aerospace,2023,₹369.59,"₹4,832.95",₹541.21,₹716.75,₹589.32,₹573.37,₹446.97
Garden Reach Shipbuilders and Engineers Limited,Defence and Aerospace,2022,₹211.23,₹435.38*,₹247.98*,₹258.28*,₹257.37,₹345.61,₹296.18
Garden Reach Shipbuilders and Engineers Limited,Defence and Aerospace,2021,₹189.02,₹205.56*,₹258.90*,₹172.74*,₹241.08*,₹251.25*,₹272.10*
,,,,,,,,,
Bharat Electronics Limited,Defence and Aerospace,2025,₹282.86,₹14.44,₹253.62,₹220.59,₹441.78,₹449.21,₹467.49
Bharat Electronics Limited,Defence and Aerospace,2024,₹145.12,₹331.80,₹124.49,₹123.36,₹218.05,₹217.31,₹242.89
Bharat Electronics Limited,Defence and Aerospace,2023,₹93.83,₹20.11,₹102.22,₹62.76,₹131.73,₹140.05,₹131.01
Bharat Electronics Limited,Defence and Aerospace,2022,₹62.26,₹150.03*,₹53.04*,₹50.45*,₹109.86,₹103.84,₹96.23
Bharat Electronics Limited,Defence and Aerospace,2021,₹34.33,₹95.74*,₹91.50*,₹61.00*,₹55.69*,₹46.21*,₹49.52*
,,,,,,,,,
Hindustan Aeronautics Limited,Defence and Aerospace,2025,"₹4,333.59","₹7,711.44","₹4,859.56","₹4,736.33","₹7,474.93","₹6,358.26","₹7,222.56"
Hindustan Aeronautics Limited,Defence and Aerospace,2024,"₹2,199.29","₹1,592.18","₹3,034.17","₹3,361.11","₹3,577.62","₹3,261.75","₹3,951.93"
Hindustan Aeronautics Limited,Defence and Aerospace,2023,"₹1,124.48","₹4,191.29","₹2,368.72","₹1,974.36","₹1,664.98","₹1,439.37","₹1,502.20"
Hindustan Aeronautics Limited,Defence and Aerospace,2022,₹613.81,"₹1,826.09*","₹1,433.17*","₹1,490.36*",₹963.13,"₹1,056.12",₹995.46
Hindustan Aeronautics Limited,Defence and Aerospace,2021,₹415.93,"₹1,793.87*","₹2,271.49*","₹1,589.54*",₹786.74*,₹597.83*,₹745.48*
,,,,,,,,,
Apollo Micro Systems Limited,Defence and Aerospace,2025,₹109.46,NEGATIVE EQUITY VALUE,₹64.80,₹76.68,₹153.25,₹192.89,₹145.18
Apollo Micro Systems Limited,Defence and Aerospace,2024,₹78.44,NEGATIVE EQUITY VALUE,₹26.62,₹26.19,₹135.03,₹134.96,₹150.15
Apollo Micro Systems Limited,Defence and Aerospace,2023,₹20.63,NEGATIVE EQUITY VALUE,₹12.70,₹17.79,₹32.90,₹34.86,₹30.85
Apollo Micro Systems Limited,Defence and Aerospace,2022,₹11.97,₹2.77*,₹5.50*,₹9.79*,₹16.13,₹23.68,₹25.26
Apollo Micro Systems Limited,Defence and Aerospace,2021,₹10.85,₹1.37*,₹4.02*,₹7.29*,₹12.90*,₹14.95*,₹11.92*
,,,,,,,,,
Sigma Advanced Systems Limited,Defence and Aerospace,2025,₹70.02,₹68.92,₹6.09*,₹162.69,₹127.61,₹129.85,₹138.63
Sigma Advanced Systems Limited,Defence and Aerospace,2024,₹49.33,₹16.50,₹4.09*,₹34.39,₹72.26,₹78.89,₹87.47
Sigma Advanced Systems Limited,Defence and Aerospace,2023,₹37.71,₹37.63,₹24.90,₹8.96,₹85.85,₹69.73,₹96.56
Sigma Advanced Systems Limited,Defence and Aerospace,2022,₹29.19,₹2.65*,₹2.69*,₹4.92*,₹103.22,₹64.02,₹103.29
Sigma Advanced Systems Limited,Defence and Aerospace,2021,₹6.94,₹3.35*,₹2.49*,₹4.53*,₹7.97*,₹8.99*,₹6.68*
,,,,,,,,,
JK Cement Limited,Cement and Building Materials,2025,"₹4,395.72",NEGATIVE EQUITY VALUE,"₹3,016.55*","₹3,325.24*","₹5,171.62","₹5,646.98","₹4,421.42"
JK Cement Limited,Cement and Building Materials,2024,"₹3,498.09","₹1,813.13","₹3,277.98*","₹4,338.60*","₹4,867.26","₹5,059.48","₹4,433.90"
JK Cement Limited,Cement and Building Materials,2023,"₹2,655.65",NOT MEANINGFUL,"₹2,061.80*","₹2,669.43*","₹2,157.63","₹2,910.46","₹1,803.44"
JK Cement Limited,Cement and Building Materials,2022,"₹3,107.40",NOT MEANINGFUL,"₹2,151.00*","₹2,828.24*","₹5,647.22","₹5,597.52","₹4,063.77"
JK Cement Limited,Cement and Building Materials,2021,"₹1,753.24",NOT MEANINGFUL,"₹1,020.53*","₹1,183.69*","₹1,861.48*","₹1,896.28*","₹1,803.10*"
,,,,,,,,,
Godawari Power and Ispat Limited,Cement and Building Materials,2025,₹193.07,₹98.31,₹355.68*,₹265.70*,₹240.27,₹249.24,₹224.00
Godawari Power and Ispat Limited,Cement and Building Materials,2024,₹444.86,₹217.97,₹476.89*,₹380.82*,₹811.35,₹654.17,₹872.71
Godawari Power and Ispat Limited,Cement and Building Materials,2023,₹327.54,₹136.05,₹460.05*,₹326.17*,₹354.48,₹409.20,₹366.08
Godawari Power and Ispat Limited,Cement and Building Materials,2022,₹302.12,₹118.50*,₹544.00*,₹335.21*,₹868.53,₹591.75,₹749.72
Godawari Power and Ispat Limited,Cement and Building Materials,2021,₹82.75,₹158.28*,₹293.42*,₹159.49*,₹83.11*,₹93.54*,₹85.13*
,,,,,,,,,
Taparia Tools Limited,Cement and Building Materials,2025,₹8.09,"₹1,008.15","₹2,185.00","₹1,529.86",₹20.79,₹17.23,₹18.79
Taparia Tools Limited,Cement and Building Materials,2024,₹2.59,"₹2,220.17","₹2,105.15","₹1,616.65",₹4.61,₹4.24,₹4.43
Taparia Tools Limited,Cement and Building Materials,2023,₹2.33,"₹1,575.31","₹1,792.14","₹1,224.99",₹0.58*,₹2.83,₹0.83
Taparia Tools Limited,Cement and Building Materials,2022,₹17.18,₹731.92*,"₹1,874.69*","₹1,021.61*",₹19.65,₹31.42,₹26.18
Taparia Tools Limited,Cement and Building Materials,2021,₹17.15,₹623.58*,₹891.88*,₹428.74*,₹4.29*,₹22.03*,₹16.14*
,,,,,,,,,
Chennai Petroleum Corporation Limited,Oil Gas and Energy,2025,₹790.28,₹427.46,₹145.50,₹271.61,"₹1,317.02","₹1,153.34","₹1,740.96"
Chennai Petroleum Corporation Limited,Oil Gas and Energy,2024,₹556.35,"₹1,924.72","₹1,761.80","₹1,279.08",₹964.38,₹801.58,"₹1,032.66"
Chennai Petroleum Corporation Limited,Oil Gas and Energy,2023,₹250.25,"₹6,763.91","₹2,302.51","₹1,667.03",₹478.42,₹331.42,₹344.82
Chennai Petroleum Corporation Limited,Oil Gas and Energy,2022,₹117.02,"₹3,743.63*","₹2,539.75*","₹2,543.39*",₹158.63,₹202.48,₹194.73
Chennai Petroleum Corporation Limited,Oil Gas and Energy,2021,₹83.34,"₹5,465.01*","₹1,762.85*","₹1,812.12*",₹171.76*,₹142.79*,₹164.56*
,,,,,,,,,
Petronet LNG Limited,Oil Gas and Energy,2025,₹325.21,₹506.18,₹267.93,₹310.30,₹408.96,₹414.17,₹390.90
Petronet LNG Limited,Oil Gas and Energy,2024,₹232.72,₹727.61,₹199.60,₹198.39,₹290.57,₹283.29,₹299.49
Petronet LNG Limited,Oil Gas and Energy,2023,₹215.24,₹244.17,₹178.51,₹137.98,₹187.47,₹227.86,₹166.79
Petronet LNG Limited,Oil Gas and Energy,2022,₹224.51,₹458.86*,₹240.22*,₹235.88*,₹208.13,₹335.90,₹217.93
Petronet LNG Limited,Oil Gas and Energy,2021,₹242.77,₹641.78*,₹141.06*,₹142.15*,₹232.73*,₹272.23*,₹226.26*
,,,,,,,,,
NMDC Limited,Oil Gas and Energy,2025,₹75.28,₹156.02*,₹91.37,₹79.21,₹106.32,₹112.77,₹102.11
NMDC Limited,Oil Gas and Energy,2024,₹51.97,₹243.29,₹60.59,₹55.96,₹81.18,₹74.45,₹75.95
NMDC Limited,Oil Gas and Energy,2023,₹35.52,₹26.66,₹64.45,₹52.19,₹39.58,₹55.22,₹37.00
NMDC Limited,Oil Gas and Energy,2022,₹39.76,₹143.04*,₹61.10*,₹51.39*,₹66.10,₹70.01,₹74.52
NMDC Limited,Oil Gas and Energy,2021,₹24.76,₹87.35*,₹35.83*,₹30.76*,₹29.30*,₹31.00*,₹26.82*
,,,,,,,,,
National Aluminium Company Limited,Oil Gas and Energy,2025,₹198.18,₹813.75,₹352.23,₹311.92,₹306.96,₹352.27,₹336.56
National Aluminium Company Limited,Oil Gas and Energy,2024,₹104.96,₹192.96,₹88.77,₹97.06,₹276.67,₹179.42,₹237.76
National Aluminium Company Limited,Oil Gas and Energy,2023,₹82.21,₹67.19*,₹59.69,₹56.82,₹92.63,₹104.35,₹97.48
National Aluminium Company Limited,Oil Gas and Energy,2022,₹92.90,₹57.96*,₹60.07*,₹70.06*,₹217.06,₹176.37,₹219.14
National Aluminium Company Limited,Oil Gas and Energy,2021,₹38.20,₹52.48*,₹48.94*,₹56.56*,₹47.18*,₹47.69*,₹33.69*
,,,,,,,,,
Sun Pharmaceutical Industries Limited,Pharmaceuticals and Healthcare,2025,"₹1,707.11","₹2,963.99","₹1,698.10","₹1,260.27","₹2,436.24","₹2,423.09","₹2,501.25"
Sun Pharmaceutical Industries Limited,Pharmaceuticals and Healthcare,2024,"₹1,187.32","₹3,229.42","₹1,578.96","₹1,023.33","₹1,587.04","₹1,591.17","₹1,637.88"
Sun Pharmaceutical Industries Limited,Pharmaceuticals and Healthcare,2023,₹941.64,₹524.22,"₹1,843.81",₹970.20,"₹1,073.60","₹1,091.30",₹964.61
Sun Pharmaceutical Industries Limited,Pharmaceuticals and Healthcare,2022,₹767.99,"₹1,367.83*","₹1,468.73*","₹1,008.28*","₹1,149.61","₹1,273.32","₹1,134.84"
Sun Pharmaceutical Industries Limited,Pharmaceuticals and Healthcare,2021,₹525.99,"₹1,159.88*","₹1,040.37*",₹511.08*,₹605.44*,₹634.51*,₹668.02*
,,,,,,,,,
Lupin Limited,Pharmaceuticals and Healthcare,2025,"₹1,969.14","₹2,100.72","₹2,726.33","₹2,121.61","₹3,087.17","₹2,967.76","₹3,023.60"
Lupin Limited,Pharmaceuticals and Healthcare,2024,"₹1,140.06","₹3,097.47","₹1,709.86","₹1,503.37","₹1,523.23","₹1,617.41","₹1,416.96"
Lupin Limited,Pharmaceuticals and Healthcare,2023,₹690.87,₹398.80,₹364.72,₹668.02,₹595.34,₹839.34,₹570.72
Lupin Limited,Pharmaceuticals and Healthcare,2022,₹982.61,₹103.73*,₹292.57*,₹574.07*,"₹1,076.12","₹1,714.58","₹1,468.50"
Lupin Limited,Pharmaceuticals and Healthcare,2021,₹948.88,₹61.15*,₹149.56*,₹358.70*,₹889.14*,"₹1,004.45*",₹861.60*
,,,,,,,,,
Glenmark Pharmaceuticals Limited,Pharmaceuticals and Healthcare,2025,"₹1,433.26",₹471.32*,"₹1,359.95","₹1,219.01","₹1,670.26","₹2,185.66","₹2,180.43"
Glenmark Pharmaceuticals Limited,Pharmaceuticals and Healthcare,2024,₹760.48,₹527.79*,₹292.27*,₹708.68,₹838.62,₹945.48,₹650.40
Glenmark Pharmaceuticals Limited,Pharmaceuticals and Healthcare,2023,₹408.13,₹580.68*,₹550.01,₹665.85,₹286.42,₹419.27,₹258.51
Glenmark Pharmaceuticals Limited,Pharmaceuticals and Healthcare,2022,₹539.02,₹498.37*,₹295.50*,₹868.63*,₹586.07,₹902.93,₹651.04
Glenmark Pharmaceuticals Limited,Pharmaceuticals and Healthcare,2021,₹450.25,₹480.60*,₹181.33*,₹463.38*,₹437.18*,₹506.48*,₹469.85*
,,,,,,,,,
Emcure Pharmaceuticals Limited,Pharmaceuticals and Healthcare,2025,"₹1,306.23",₹216.34,"₹1,385.41","₹1,436.62","₹1,958.17","₹2,048.30","₹2,061.27"
Emcure Pharmaceuticals Limited,Pharmaceuticals and Healthcare,2024,PRICE UNAVAILABLE,"₹3,459.73",₹820.31,"₹1,022.27",PRICE UNAVAILABLE,PRICE UNAVAILABLE,PRICE UNAVAILABLE
Emcure Pharmaceuticals Limited,Pharmaceuticals and Healthcare,2023,PRICE UNAVAILABLE,₹491.38,"₹1,338.80","₹1,018.77",PRICE UNAVAILABLE,PRICE UNAVAILABLE,PRICE UNAVAILABLE
Emcure Pharmaceuticals Limited,Pharmaceuticals and Healthcare,2022,PRICE UNAVAILABLE,₹519.42*,₹883.07*,"₹1,031.69*",PRICE UNAVAILABLE,PRICE UNAVAILABLE,PRICE UNAVAILABLE
Emcure Pharmaceuticals Limited,Pharmaceuticals and Healthcare,2021,PRICE UNAVAILABLE,₹335.22*,₹456.92*,₹572.47*,PRICE UNAVAILABLE,PRICE UNAVAILABLE,PRICE UNAVAILABLE
,,,,,,,,,
Hikal Limited,Pharmaceuticals and Healthcare,2025,₹351.11,₹112.01,₹269.72,₹439.99,₹471.41,₹550.57,₹448.06
Hikal Limited,Pharmaceuticals and Healthcare,2024,₹292.81,NOT MEANINGFUL,₹160.70,₹319.50,₹313.03,₹387.16,₹342.70
Hikal Limited,Pharmaceuticals and Healthcare,2023,₹332.20,NOT MEANINGFUL,₹246.50,₹313.19,₹371.08,₹409.98,₹368.57
Hikal Limited,Pharmaceuticals and Healthcare,2022,₹472.98,NOT MEANINGFUL,₹512.51*,₹360.26*,"₹1,396.89",₹957.20,"₹1,126.24"
Hikal Limited,Pharmaceuticals and Healthcare,2021,₹149.92,NOT MEANINGFUL,₹231.82*,₹282.15*,₹93.71*,₹158.27*,₹103.04*
,,,,,,,,,
Mahindra and Mahindra Limited,Automobile and Auto Components,2025,"₹2,775.29",NEGATIVE EQUITY VALUE,"₹2,724.98","₹2,994.84","₹4,229.79","₹4,089.96","₹3,318.73"
Mahindra and Mahindra Limited,Automobile and Auto Components,2024,"₹1,546.61","₹4,506.89*","₹2,928.85","₹3,042.87","₹2,325.78","₹2,120.74","₹1,797.68"
Mahindra and Mahindra Limited,Automobile and Auto Components,2023,"₹1,182.90","₹3,956.29*","₹3,564.76","₹2,666.85","₹1,653.68","₹1,651.79","₹1,744.14"
Mahindra and Mahindra Limited,Automobile and Auto Components,2022,₹812.76,"₹4,009.89*","₹2,558.21*","₹2,934.44*","₹1,026.25","₹1,343.19","₹1,218.81"
Mahindra and Mahindra Limited,Automobile and Auto Components,2021,₹630.31,"₹2,678.21*","₹2,044.30*","₹2,228.23*",₹859.66*,₹854.26*,₹979.62*
,,,,,,,,,
Hero MotoCorp Limited,Automobile and Auto Components,2025,"₹4,833.39","₹7,014.29","₹5,274.88","₹4,564.92","₹6,351.44","₹6,856.82","₹6,678.26"
Hero MotoCorp Limited,Automobile and Auto Components,2024,"₹3,409.31","₹9,615.93","₹5,440.04","₹4,688.40","₹5,252.22","₹5,004.74","₹5,519.07"
Hero MotoCorp Limited,Automobile and Auto Components,2023,"₹2,639.16","₹2,530.53","₹5,029.98","₹3,826.37","₹2,708.37","₹2,747.43","₹2,800.95"
Hero MotoCorp Limited,Automobile and Auto Components,2022,"₹2,726.70","₹3,897.15*","₹3,696.57*","₹2,754.46*","₹2,554.49","₹4,010.48","₹2,917.06"
Hero MotoCorp Limited,Automobile and Auto Components,2021,"₹2,856.79","₹3,278.99*","₹3,631.94*","₹1,774.09*","₹2,875.54*","₹3,166.97*","₹2,713.04*"
,,,,,,,,,
Hitachi Energy India Limited,Automobile and Auto Components,2025,"₹11,985.85","₹11,031.25","₹2,159.76","₹2,145.77","₹17,690.87","₹18,388.57","₹17,401.59"
Hitachi Energy India Limited,Automobile and Auto Components,2024,"₹4,667.04",₹640.17,₹914.08,₹903.21,"₹7,947.77","₹6,837.60","₹7,539.41"
Hitachi Energy India Limited,Automobile and Auto Components,2023,"₹3,271.92",NEGATIVE EQUITY VALUE,₹416.29,₹534.04,"₹4,230.70","₹4,680.32","₹3,956.05"
Hitachi Energy India Limited,Automobile and Auto Components,2022,"₹2,342.31","₹1,270.67*",₹375.07*,₹427.82*,"₹4,174.17","₹4,055.02","₹3,183.12"
Hitachi Energy India Limited,Automobile and Auto Components,2021,"₹1,034.72",₹703.93*,₹360.24*,₹360.23*,"₹1,115.52*","₹1,218.46*","₹1,434.21*"
,,,,,,,,,
ABB India Limited,Automobile and Auto Components,2025,"₹7,188.96","₹2,841.59","₹2,091.69","₹1,814.86","₹13,095.25","₹11,986.39","₹13,510.53"
ABB India Limited,Automobile and Auto Components,2024,"₹4,409.25","₹2,686.46","₹1,068.32","₹1,148.20","₹6,896.91","₹6,236.53","₹5,971.55"
ABB India Limited,Automobile and Auto Components,2023,"₹2,817.32","₹1,887.50",₹758.93,₹846.85,"₹4,216.79","₹4,073.14","₹4,013.12"
ABB India Limited,Automobile and Auto Components,2022,"₹1,889.57","₹1,459.81*",₹647.16*,₹532.54*,"₹3,675.71","₹3,168.32","₹3,354.69"
ABB India Limited,Automobile and Auto Components,2021,"₹1,052.51",₹810.28*,₹827.88*,₹450.54*,"₹1,247.84*","₹1,228.69*","₹1,222.70*"
,,,,,,,,,
Bharat Forge Limited,Automobile and Auto Components,2025,"₹1,394.22",₹2.49,₹474.85,₹610.39,"₹1,458.31","₹1,767.22","₹1,464.14"
Bharat Forge Limited,Automobile and Auto Components,2024,"₹1,016.84",NEGATIVE EQUITY VALUE,₹372.39,₹533.64,"₹1,376.45","₹1,468.63","₹1,351.48"
Bharat Forge Limited,Automobile and Auto Components,2023,₹768.99,₹63.50,₹179.61,₹268.47,₹771.09,₹857.25,₹760.92
Bharat Forge Limited,Automobile and Auto Components,2022,₹724.66,₹263.13*,₹163.58*,₹320.10*,"₹1,238.93","₹1,278.90","₹1,245.52"
Bharat Forge Limited,Automobile and Auto Components,2021,₹461.18,₹234.55*,₹229.51*,₹305.59*,₹511.47*,₹517.01*,₹504.27*
,,,,,,,,,
Kalyani Steels Limited,Automobile and Auto Components,2025,₹869.34,"₹2,431.03","₹1,415.87","₹1,363.95","₹1,255.38","₹1,245.71","₹1,617.73"
Kalyani Steels Limited,Automobile and Auto Components,2024,₹499.19,₹417.05*,"₹1,657.55","₹1,446.56","₹1,576.97",₹907.45,"₹1,452.25"
Kalyani Steels Limited,Automobile and Auto Components,2023,₹314.38,₹499.30*,"₹1,483.12","₹1,193.95",₹186.70,₹397.00,₹199.47
Kalyani Steels Limited,Automobile and Auto Components,2022,₹360.68,₹349.05*,"₹1,276.05*","₹1,126.72*",₹628.34,₹684.84,₹551.75
Kalyani Steels Limited,Automobile and Auto Components,2021,₹227.41,₹435.02*,"₹1,141.01*",₹957.34*,₹332.86*,₹324.74*,₹311.19*
,,,,,,,,,
Kalyani Forge Limited,Automobile and Auto Components,2025,₹541.40,₹119.57*,₹551.39,₹769.96,₹886.80,₹940.76,₹905.84
Kalyani Forge Limited,Automobile and Auto Components,2024,₹363.85,₹151.94*,₹228.03,₹547.12,₹867.38,₹614.33,₹820.01
Kalyani Forge Limited,Automobile and Auto Components,2023,₹212.81,₹264.61*,NOT MEANINGFUL,₹590.00,₹252.06,₹299.32,₹254.48
Kalyani Forge Limited,Automobile and Auto Components,2022,₹195.53,₹235.01*,NOT MEANINGFUL,₹742.30*,₹349.86,₹404.13,₹429.33
Kalyani Forge Limited,Automobile and Auto Components,2021,₹144.30,₹319.18*,NOT MEANINGFUL,₹681.80*,₹223.04*,₹207.31*,₹282.84*
,,,,,,,,,
Kotak Mahindra Bank Limited,Banking Financial Services and Insurance,2025,₹361.92,₹144.44*,₹284.42,₹52.36*,₹401.68,₹457.36,₹555.72
Kotak Mahindra Bank Limited,Banking Financial Services and Insurance,2024,₹363.31,₹424.88*,₹160.47,₹34.17*,₹427.50,₹472.62,₹371.08
Kotak Mahindra Bank Limited,Banking Financial Services and Insurance,2023,₹362.27,₹154.02*,₹115.88,₹32.50*,₹369.92,₹476.30,₹335.91
Kotak Mahindra Bank Limited,Banking Financial Services and Insurance,2022,₹367.91,₹160.00*,₹50.59*,₹47.29*,₹445.22,₹612.27,₹432.14
Kotak Mahindra Bank Limited,Banking Financial Services and Insurance,2021,₹308.74,₹86.88*,₹38.69*,₹27.26*,₹264.27*,₹335.30*,₹273.05*
,,,,,,,,,
Union Bank of India,Banking Financial Services and Insurance,2025,₹126.95,₹134.63*,₹347.24,₹176.06*,₹320.10,₹230.89,₹275.17
Union Bank of India,Banking Financial Services and Insurance,2024,₹102.81,₹164.52*,₹240.63,₹174.09*,₹207.22,₹167.20,₹198.57
Union Bank of India,Banking Financial Services and Insurance,2023,₹54.49,₹181.39*,₹141.57,₹314.35*,₹79.26,₹82.54,₹69.96
Union Bank of India,Banking Financial Services and Insurance,2022,₹40.02,₹34.39*,₹286.79*,₹65.83*,₹56.86,₹70.09,₹57.40
Union Bank of India,Banking Financial Services and Insurance,2021,₹29.75,₹25.82*,₹183.96*,₹45.39*,₹41.29*,₹38.93*,₹37.83*
,,,,,,,,,
Life Insurance Corporation of India,Banking Financial Services and Insurance,2025,₹474.13,"₹1,523.82*",₹561.58,₹874.96*,₹569.52,₹661.30,₹705.19
Life Insurance Corporation of India,Banking Financial Services and Insurance,2024,₹356.18,"₹1,335.57*",₹334.04,₹637.47*,₹417.72,₹465.50,₹446.18
Life Insurance Corporation of India,Banking Financial Services and Insurance,2023,₹331.67,"₹1,221.94*",₹220.00,"₹3,062.87*",₹385.36,₹412.93,₹343.63
Life Insurance Corporation of India,Banking Financial Services and Insurance,2022,PRICE UNAVAILABLE,"₹1,541.83*",₹439.95*,₹639.79*,PRICE UNAVAILABLE,PRICE UNAVAILABLE,PRICE UNAVAILABLE
Life Insurance Corporation of India,Banking Financial Services and Insurance,2021,PRICE UNAVAILABLE,₹609.79*,₹307.78*,₹418.99*,PRICE UNAVAILABLE,PRICE UNAVAILABLE,PRICE UNAVAILABLE
,,,,,,,,,
General Insurance Corporation of India,Banking Financial Services and Insurance,2025,₹389.69,"₹2,003.09*",₹622.73,₹555.96*,₹615.76,₹565.98,₹672.03
General Insurance Corporation of India,Banking Financial Services and Insurance,2024,₹249.08,"₹3,321.92",₹478.87,₹432.39,₹315.66,₹333.69,₹386.89
General Insurance Corporation of India,Banking Financial Services and Insurance,2023,₹134.74,"₹2,833.90",₹447.68,"₹1,078.66",₹179.19,₹181.13,₹140.77
General Insurance Corporation of India,Banking Financial Services and Insurance,2022,₹158.50,"₹2,468.01*","₹1,120.85*",₹189.70,₹180.20,₹249.80,₹190.87
General Insurance Corporation of India,Banking Financial Services and Insurance,2021,₹144.75,₹470.30*,₹795.79*,₹94.88*,₹142.07*,₹180.31*,₹162.51*
,,,,,,,,,
BF Utilities Limited,Banking Financial Services and Insurance,2025,₹849.03,"₹5,343.07",₹496.94,"₹1,132.48","₹1,381.27","₹1,257.17","₹1,607.75"
BF Utilities Limited,Banking Financial Services and Insurance,2024,₹552.34,"₹3,299.91",₹343.23,₹530.70,₹868.40,₹868.37,₹866.58
BF Utilities Limited,Banking Financial Services and Insurance,2023,₹366.18,"₹3,922.20",₹264.78,"₹4,415.12",₹382.09,₹573.39,₹444.07
BF Utilities Limited,Banking Financial Services and Insurance,2022,₹389.31,"₹2,973.93",₹55.05,₹263.36,₹768.80,₹768.36,₹883.23
BF Utilities Limited,Banking Financial Services and Insurance,2021,₹238.21,"₹1,139.70*",₹43.33*,₹503.44*,₹234.20*,₹282.83*,₹220.16*
,,,,,,,,,
Unifinz Capital India Limited,Banking Financial Services and Insurance,2025,₹66.63,NOT MEANINGFUL,₹72.68,₹33.40,₹74.40,₹118.27,₹114.25
Unifinz Capital India Limited,Banking Financial Services and Insurance,2024,₹9.47,NOT MEANINGFUL,NOT MEANINGFUL,NEGATIVE EQUITY VALUE,₹8.27,₹13.87,₹9.16
Unifinz Capital India Limited,Banking Financial Services and Insurance,2023,₹16.42,NOT MEANINGFUL,NOT MEANINGFUL,NOT MEANINGFUL,₹22.57,₹26.81,₹26.80
Unifinz Capital India Limited,Banking Financial Services and Insurance,2022,₹61.03,NOT MEANINGFUL,NOT MEANINGFUL,NOT MEANINGFUL,₹193.39,₹125.42,₹151.84
Unifinz Capital India Limited,Banking Financial Services and Insurance,2021,₹18.49,NOT MEANINGFUL,NOT MEANINGFUL,NOT MEANINGFUL,₹5.41*,₹23.07*,₹8.59*
,,,,,,,,,
Royal India Corporation Limited,Banking Financial Services and Insurance,2025,₹28.53,NEGATIVE EQUITY VALUE,₹12.65,NEGATIVE EQUITY VALUE,₹28.36,₹50.32,₹37.76
Royal India Corporation Limited,Banking Financial Services and Insurance,2024,₹4.18,₹152.92,NOT MEANINGFUL,NEGATIVE EQUITY VALUE,₹9.10,₹6.44,₹8.93
Royal India Corporation Limited,Banking Financial Services and Insurance,2023,₹2.74,₹267.50,NOT MEANINGFUL,NEGATIVE EQUITY VALUE,₹3.97,₹4.74,₹4.17
Royal India Corporation Limited,Banking Financial Services and Insurance,2022,₹2.61,₹2.74*,NOT MEANINGFUL,₹1.21*,₹7.94,₹5.49,₹6.13
Royal India Corporation Limited,Banking Financial Services and Insurance,2021,₹0.82,₹1.25*,NOT MEANINGFUL,₹0.50*,₹2.16*,₹1.37*,₹1.47*
,,,,,,,,,
KSL Holdings Limited,Banking Financial Services and Insurance,2025,TICKER NOT RESOLVED,TICKER NOT RESOLVED,TICKER NOT RESOLVED,TICKER NOT RESOLVED,TICKER NOT RESOLVED,TICKER NOT RESOLVED,TICKER NOT RESOLVED
KSL Holdings Limited,Banking Financial Services and Insurance,2024,TICKER NOT RESOLVED,TICKER NOT RESOLVED,TICKER NOT RESOLVED,TICKER NOT RESOLVED,TICKER NOT RESOLVED,TICKER NOT RESOLVED,TICKER NOT RESOLVED
KSL Holdings Limited,Banking Financial Services and Insurance,2023,TICKER NOT RESOLVED,TICKER NOT RESOLVED,TICKER NOT RESOLVED,TICKER NOT RESOLVED,TICKER NOT RESOLVED,TICKER NOT RESOLVED,TICKER NOT RESOLVED
KSL Holdings Limited,Banking Financial Services and Insurance,2022,TICKER NOT RESOLVED,TICKER NOT RESOLVED,TICKER NOT RESOLVED,TICKER NOT RESOLVED,TICKER NOT RESOLVED,TICKER NOT RESOLVED,TICKER NOT RESOLVED
KSL Holdings Limited,Banking Financial Services and Insurance,2021,TICKER NOT RESOLVED,TICKER NOT RESOLVED,TICKER NOT RESOLVED,TICKER NOT RESOLVED,TICKER NOT RESOLVED,TICKER NOT RESOLVED,TICKER NOT RESOLVED
,,,,,,,,,
Adani Ports and Special Economic Zone Limited,Infrastructure and Construction,2025,"₹1,321.78","₹1,518.23","₹1,525.36*","₹1,120.14*","₹1,824.29","₹1,916.16","₹1,703.53"
Adani Ports and Special Economic Zone Limited,Infrastructure and Construction,2024,₹901.22,"₹1,197.84",₹853.80*,₹656.42*,"₹1,297.30","₹1,332.01","₹1,143.75"
Adani Ports and Special Economic Zone Limited,Infrastructure and Construction,2023,₹773.38,NEGATIVE EQUITY VALUE,₹574.59*,₹457.81*,₹911.60,"₹1,155.61",₹926.62
Adani Ports and Special Economic Zone Limited,Infrastructure and Construction,2022,₹736.24,₹81.03*,₹542.30*,₹500.89*,"₹1,326.41","₹1,393.03","₹1,578.94"
Adani Ports and Special Economic Zone Limited,Infrastructure and Construction,2021,₹415.41,₹22.22*,₹321.81*,₹281.43*,₹424.39*,₹489.26*,₹472.63*
,,,,,,,,,
Kalpataru Projects International Limited,Infrastructure and Construction,2025,"₹1,196.28",₹92.38,"₹1,055.43*","₹1,429.23*","₹1,693.03","₹1,664.66","₹1,717.60"
Kalpataru Projects International Limited,Infrastructure and Construction,2024,₹673.67,₹468.24,₹713.29*,₹998.48*,₹870.45,₹876.00,₹979.78
Kalpataru Projects International Limited,Infrastructure and Construction,2023,₹444.29,₹966.17*,₹679.32*,₹983.52*,₹446.38,₹606.34,₹461.12
Kalpataru Projects International Limited,Infrastructure and Construction,2022,₹403.98,₹818.09*,₹628.89*,₹826.42*,₹600.55,₹695.33,₹433.83
Kalpataru Projects International Limited,Infrastructure and Construction,2021,₹274.02,₹486.79*,₹386.39*,₹523.00*,₹281.22*,₹310.54*,₹240.74*
,,,,,,,,,
Hindalco Industries Limited,Metals Mining and Materials,2025,₹657.35,₹70.97,₹883.04,"₹1,047.57","₹1,495.86","₹1,144.04","₹1,367.61"
Hindalco Industries Limited,Metals Mining and Materials,2024,₹483.34,₹371.88,"₹1,035.67",₹735.16,₹691.55,₹637.01,₹701.89
Hindalco Industries Limited,Metals Mining and Materials,2023,₹427.76,₹648.21,₹657.66,₹687.98,₹529.94,₹493.90,₹564.30
Hindalco Industries Limited,Metals Mining and Materials,2022,₹453.96,₹595.17*,₹391.32*,₹339.14*,"₹1,116.99",₹814.04,₹863.60
Hindalco Industries Limited,Metals Mining and Materials,2021,₹200.97,₹699.54*,₹144.41*,₹200.97*,₹245.22*,₹244.70*,₹242.24*
,,,,,,,,,
Vedanta Limited,Metals Mining and Materials,2025,₹445.10,₹251.07,₹428.72,₹307.81,₹618.75,₹674.59,₹572.32
Vedanta Limited,Metals Mining and Materials,2024,₹259.23,"₹1,146.98",₹187.41,₹812.40,₹264.65,₹340.66,₹290.17
Vedanta Limited,Metals Mining and Materials,2023,₹298.87,"₹1,559.42",₹394.70,₹725.75,₹304.94,₹370.67,₹346.81
Vedanta Limited,Metals Mining and Materials,2022,₹310.68,"₹1,460.27*",₹369.88*,₹469.70*,₹699.45,₹563.96,₹593.26
Vedanta Limited,Metals Mining and Materials,2021,₹131.83,"₹2,925.07*",₹216.71*,₹441.92*,₹146.05*,₹177.32*,₹125.08*
,,,,,,,,,
Mahalaxmi Rubtech Limited,Metals Mining and Materials,2025,₹206.09,₹992.39,₹163.19,₹192.30,₹291.02,₹316.27,₹303.81
Mahalaxmi Rubtech Limited,Metals Mining and Materials,2024,₹233.72,₹697.09,₹173.86,₹95.60,₹288.50,₹328.11,₹299.44
Mahalaxmi Rubtech Limited,Metals Mining and Materials,2023,₹189.05,₹520.38*,₹102.42,₹76.11,₹395.55,₹302.57,₹350.12
Mahalaxmi Rubtech Limited,Metals Mining and Materials,2022,PRICE UNAVAILABLE,₹560.25*,₹78.88*,₹47.20*,PRICE UNAVAILABLE,PRICE UNAVAILABLE,PRICE UNAVAILABLE
Mahalaxmi Rubtech Limited,Metals Mining and Materials,2021,PRICE UNAVAILABLE,₹350.89*,₹26.04*,₹25.02*,PRICE UNAVAILABLE,PRICE UNAVAILABLE,PRICE UNAVAILABLE
,,,,,,,,,
Tech Mahindra Limited,IT and Software,2025,"₹1,541.41","₹2,006.90","₹1,541.41*","₹1,541.41*","₹2,265.74","₹2,308.89","₹2,803.96"
Tech Mahindra Limited,IT and Software,2024,"₹1,196.52","₹2,085.66","₹1,117.29*","₹1,600.04*","₹1,304.70","₹1,389.58","₹1,244.32"
Tech Mahindra Limited,IT and Software,2023,"₹1,087.25","₹1,555.25","₹1,087.25*","₹3,207.22*","₹1,230.06","₹1,188.26","₹1,311.06"
Tech Mahindra Limited,IT and Software,2022,"₹1,352.05","₹2,117.51*","₹1,352.05*","₹3,004.49*","₹2,352.06","₹2,090.54","₹1,569.81"
Tech Mahindra Limited,IT and Software,2021,₹774.57,"₹2,783.44*",₹774.57*,"₹1,555.94*",₹777.34*,₹862.46*,₹732.29*
,,,,,,,,,
California Software Company Limited,IT and Software,2025,₹16.97,₹2.99*,₹3.86*,₹4.44*,₹27.41,₹23.76,₹32.79
California Software Company Limited,IT and Software,2024,₹15.62,₹4.38*,₹16.81*,₹11.74*,₹16.33,₹24.33,₹17.75
California Software Company Limited,IT and Software,2023,₹21.68,₹4.66*,₹1.63*,₹12.01*,₹17.95,₹33.55,₹20.15
California Software Company Limited,IT and Software,2022,₹25.97,₹12.96*,₹2.52*,₹16.76*,₹75.76,₹56.66,₹71.95
California Software Company Limited,IT and Software,2021,₹9.26,₹6.15*,₹1.03*,₹6.16*,₹16.63*,₹11.01*,₹7.45*
,,,,,,,,,
Bombay Burmah Trading Corporation Limited,Trading and Diversified,2025,"₹2,125.97","₹11,669.19","₹2,125.97*","₹2,125.97*","₹3,359.15","₹3,339.60","₹2,868.60"
Bombay Burmah Trading Corporation Limited,Trading and Diversified,2024,"₹1,269.75","₹8,948.05","₹1,269.75*","₹1,269.75*","₹2,273.67","₹1,996.94","₹2,653.93"
Bombay Burmah Trading Corporation Limited,Trading and Diversified,2023,₹924.20,NEGATIVE EQUITY VALUE,NOT MEANINGFUL,₹924.20*,₹610.97,"₹1,023.49",₹773.57
Bombay Burmah Trading Corporation Limited,Trading and Diversified,2022,"₹1,139.87",NOT MEANINGFUL,₹123.34*,"₹1,139.87*","₹2,008.09","₹2,018.34","₹1,838.30"
Bombay Burmah Trading Corporation Limited,Trading and Diversified,2021,"₹1,186.07",NOT MEANINGFUL,NOT MEANINGFUL,"₹1,186.07*","₹2,624.36*","₹1,764.68*","₹1,112.41*"
,,,,,,,,,
Kalyan Jewellers India Limited,Jewellery and Retail,2025,₹561.53,₹99.15,₹561.53*,₹561.53*,₹913.88,₹923.84,₹984.63
Kalyan Jewellers India Limited,Jewellery and Retail,2024,₹248.24,₹201.25,₹248.24*,₹248.24*,₹435.66,₹382.66,₹424.57
Kalyan Jewellers India Limited,Jewellery and Retail,2023,₹90.07,₹191.80,₹90.07*,₹90.07*,₹106.68,₹124.58,₹105.20
Kalyan Jewellers India Limited,Jewellery and Retail,2022,₹69.24,₹118.81*,₹69.24*,₹69.24*,₹128.65,₹117.60,₹108.05
Kalyan Jewellers India Limited,Jewellery and Retail,2021,PRICE UNAVAILABLE,₹59.94*,₹76.42*,₹102.03*,PRICE UNAVAILABLE,PRICE UNAVAILABLE,PRICE UNAVAILABLE
