Company name,Sector Name,Financial Year,Model,Reason code,Explanation
Apollo Micro Systems Limited,Defence and Aerospace,2025,(DCF) Intrinsic Value,NEGATIVE EQUITY VALUE,"enterprise value ₹974,793,053 is below net debt ₹2,950,778,000; equity value is nil under these assumptions (WACC 13.61%, growth 18.00%)"
Apollo Micro Systems Limited,Defence and Aerospace,2024,(DCF) Intrinsic Value,NEGATIVE EQUITY VALUE,"enterprise value ₹967,672,214 is below net debt ₹2,078,478,000; equity value is nil under these assumptions (WACC 13.67%, growth 18.00%)"
Apollo Micro Systems Limited,Defence and Aerospace,2023,(DCF) Intrinsic Value,NEGATIVE EQUITY VALUE,"enterprise value ₹1,185,385,779 is below net debt ₹1,434,014,000; equity value is nil under these assumptions (WACC 12.16%, growth 18.00%)"
JK Cement Limited,Cement and Building Materials,2025,(DCF) Intrinsic Value,NEGATIVE EQUITY VALUE,"enterprise value ₹19,122,930,606 is below net debt ₹38,854,400,000; equity value is nil under these assumptions (WACC 8.81%, growth 2.00%)"
JK Cement Limited,Cement and Building Materials,2023,(DCF) Intrinsic Value,NOT MEANINGFUL,"FCFF for FY2023 is negative (₹-3,053,503,520) and fewer than two positive years exist to normalise against"
JK Cement Limited,Cement and Building Materials,2022,(DCF) Intrinsic Value,NOT MEANINGFUL,"FCFF for FY2022 is negative (₹-4,128,301,436) and fewer than two positive years exist to normalise against"
JK Cement Limited,Cement and Building Materials,2021,(DCF) Intrinsic Value,NOT MEANINGFUL,"FCFF for FY2021 is negative (₹-3,753,997,644) and fewer than two positive years exist to normalise against"
Emcure Pharmaceuticals Limited,Pharmaceuticals and Healthcare,2024,Market Price,PRICE UNAVAILABLE,no traded closes between 2023-04-01 and 2024-03-31 (history available only for 2024-07-10 to 2026-04-02; listing may post-date this FY or the scrip was suspended)
Emcure Pharmaceuticals Limited,Pharmaceuticals and Healthcare,2024,(XGBoost) Intrinsic Value,PRICE UNAVAILABLE,XGBoost predicted a ratio of 1.006 but there is no FY2024 mean price to multiply it by
Emcure Pharmaceuticals Limited,Pharmaceuticals and Healthcare,2024,(Random Forest) Intrinsic Value,PRICE UNAVAILABLE,Random Forest predicted a ratio of 1.351 but there is no FY2024 mean price to multiply it by
Emcure Pharmaceuticals Limited,Pharmaceuticals and Healthcare,2024,(LightGBM) Intrinsic Value,PRICE UNAVAILABLE,LightGBM predicted a ratio of 1.130 but there is no FY2024 mean price to multiply it by
Emcure Pharmaceuticals Limited,Pharmaceuticals and Healthcare,2023,Market Price,PRICE UNAVAILABLE,no traded closes between 2022-04-01 and 2023-03-31 (history available only for 2024-07-10 to 2026-04-02; listing may post-date this FY or the scrip was suspended)
Emcure Pharmaceuticals Limited,Pharmaceuticals and Healthcare,2023,(XGBoost) Intrinsic Value,PRICE UNAVAILABLE,XGBoost predicted a ratio of 1.525 but there is no FY2023 mean price to multiply it by
Emcure Pharmaceuticals Limited,Pharmaceuticals and Healthcare,2023,(Random Forest) Intrinsic Value,PRICE UNAVAILABLE,Random Forest predicted a ratio of 1.529 but there is no FY2023 mean price to multiply it by
Emcure Pharmaceuticals Limited,Pharmaceuticals and Healthcare,2023,(LightGBM) Intrinsic Value,PRICE UNAVAILABLE,LightGBM predicted a ratio of 1.740 but there is no FY2023 mean price to multiply it by
Emcure Pharmaceuticals Limited,Pharmaceuticals and Healthcare,2022,Market Price,PRICE UNAVAILABLE,no traded closes between 2021-04-01 and 2022-03-31 (history available only for 2024-07-10 to 2026-04-02; listing may post-date this FY or the scrip was suspended)
Emcure Pharmaceuticals Limited,Pharmaceuticals and Healthcare,2022,(XGBoost) Intrinsic Value,PRICE UNAVAILABLE,XGBoost predicted a ratio of 2.311 but there is no FY2022 mean price to multiply it by
Emcure Pharmaceuticals Limited,Pharmaceuticals and Healthcare,2022,(Random Forest) Intrinsic Value,PRICE UNAVAILABLE,Random Forest predicted a ratio of 1.815 but there is no FY2022 mean price to multiply it by
Emcure Pharmaceuticals Limited,Pharmaceuticals and Healthcare,2022,(LightGBM) Intrinsic Value,PRICE UNAVAILABLE,LightGBM predicted a ratio of 2.290 but there is no FY2022 mean price to multiply it by
Emcure Pharmaceuticals Limited,Pharmaceuticals and Healthcare,2021,Market Price,PRICE UNAVAILABLE,no traded closes between 2020-04-01 and 2021-03-31 (history available only for 2024-07-10 to 2026-04-02; listing may post-date this FY or the scrip was suspended)
Emcure Pharmaceuticals Limited,Pharmaceuticals and Healthcare,2021,(XGBoost) Intrinsic Value,PRICE UNAVAILABLE,XGBoost predicted a ratio of 0.887 but there is no FY2021 mean price to multiply it by
Emcure Pharmaceuticals Limited,Pharmaceuticals and Healthcare,2021,(Random Forest) Intrinsic Value,PRICE UNAVAILABLE,Random Forest predicted a ratio of 1.137 but there is no FY2021 mean price to multiply it by
Emcure Pharmaceuticals Limited,Pharmaceuticals and Healthcare,2021,(LightGBM) Intrinsic Value,PRICE UNAVAILABLE,LightGBM predicted a ratio of 0.873 but there is no FY2021 mean price to multiply it by
Hikal Limited,Pharmaceuticals and Healthcare,2024,(DCF) Intrinsic Value,NOT MEANINGFUL,"FCFF for FY2024 is negative (₹-316,280,628) and fewer than two positive years exist to normalise against"
Hikal Limited,Pharmaceuticals and Healthcare,2023,(DCF) Intrinsic Value,NOT MEANINGFUL,"FCFF for FY2023 is negative (₹-91,655,619) and fewer than two positive years exist to normalise against"
Hikal Limited,Pharmaceuticals and Healthcare,2022,(DCF) Intrinsic Value,NOT MEANINGFUL,"FCFF for FY2022 is negative (₹-877,335,990) and fewer than two positive years exist to normalise against"
Hikal Limited,Pharmaceuticals and Healthcare,2021,(DCF) Intrinsic Value,NOT MEANINGFUL,"FCFF for FY2021 is negative (₹-914,891,539) and fewer than two positive years exist to normalise against"
Mahindra and Mahindra Limited,Automobile and Auto Components,2025,(DCF) Intrinsic Value,NEGATIVE EQUITY VALUE,"enterprise value ₹505,572,644,072 is below net debt ₹830,768,400,000; equity value is nil under these assumptions (WACC 8.00%, growth 2.00%)"
Hitachi Energy India Limited,Automobile and Auto Components,2023,(DCF) Intrinsic Value,NEGATIVE EQUITY VALUE,"enterprise value ₹1,643,645,748 is below net debt ₹1,711,200,000; equity value is nil under these assumptions (WACC 10.10%, growth 2.00%)"
Bharat Forge Limited,Automobile and Auto Components,2024,(DCF) Intrinsic Value,NEGATIVE EQUITY VALUE,"enterprise value ₹22,463,957,568 is below net debt ₹52,459,410,000; equity value is nil under these assumptions (WACC 9.35%, growth 2.00%)"
Kalyani Forge Limited,Automobile and Auto Components,2023,(P/E Relative Valuation) Intrinsic Value,NOT MEANINGFUL,EPS for FY2023 is ₹-0.50 and no positive-EPS history exists to normalise against
Kalyani Forge Limited,Automobile and Auto Components,2022,(P/E Relative Valuation) Intrinsic Value,NOT MEANINGFUL,EPS for FY2022 is ₹-0.53 and no positive-EPS history exists to normalise against
Kalyani Forge Limited,Automobile and Auto Components,2021,(P/E Relative Valuation) Intrinsic Value,NOT MEANINGFUL,EPS for FY2021 is ₹-0.57 and no positive-EPS history exists to normalise against
Life Insurance Corporation of India,Banking Financial Services and Insurance,2022,Market Price,PRICE UNAVAILABLE,no traded closes between 2021-04-01 and 2022-03-31 (history available only for 2022-05-17 to 2026-04-02; listing may post-date this FY or the scrip was suspended)
Life Insurance Corporation of India,Banking Financial Services and Insurance,2022,(XGBoost) Intrinsic Value,PRICE UNAVAILABLE,XGBoost predicted a ratio of 2.163 but there is no FY2022 mean price to multiply it by
Life Insurance Corporation of India,Banking Financial Services and Insurance,2022,(Random Forest) Intrinsic Value,PRICE UNAVAILABLE,Random Forest predicted a ratio of 1.733 but there is no FY2022 mean price to multiply it by
Life Insurance Corporation of India,Banking Financial Services and Insurance,2022,(LightGBM) Intrinsic Value,PRICE UNAVAILABLE,LightGBM predicted a ratio of 1.755 but there is no FY2022 mean price to multiply it by
Life Insurance Corporation of India,Banking Financial Services and Insurance,2021,Market Price,PRICE UNAVAILABLE,no traded closes between 2020-04-01 and 2021-03-31 (history available only for 2022-05-17 to 2026-04-02; listing may post-date this FY or the scrip was suspended)
Life Insurance Corporation of India,Banking Financial Services and Insurance,2021,(XGBoost) Intrinsic Value,PRICE UNAVAILABLE,XGBoost predicted a ratio of 1.306 but there is no FY2021 mean price to multiply it by
Life Insurance Corporation of India,Banking Financial Services and Insurance,2021,(Random Forest) Intrinsic Value,PRICE UNAVAILABLE,Random Forest predicted a ratio of 1.236 but there is no FY2021 mean price to multiply it by
Life Insurance Corporation of India,Banking Financial Services and Insurance,2021,(LightGBM) Intrinsic Value,PRICE UNAVAILABLE,LightGBM predicted a ratio of 1.237 but there is no FY2021 mean price to multiply it by
Unifinz Capital India Limited,Banking Financial Services and Insurance,2025,(DCF) Intrinsic Value,NOT MEANINGFUL,"FCFF for FY2025 is negative (₹-642,913,388) and fewer than two positive years exist to normalise against"
Unifinz Capital India Limited,Banking Financial Services and Insurance,2024,(DCF) Intrinsic Value,NOT MEANINGFUL,"FCFF for FY2024 is negative (₹-209,570,302) and fewer than two positive years exist to normalise against"
Unifinz Capital India Limited,Banking Financial Services and Insurance,2024,(P/E Relative Valuation) Intrinsic Value,NOT MEANINGFUL,EPS for FY2024 is ₹-0.72 and no positive-EPS history exists to normalise against
Unifinz Capital India Limited,Banking Financial Services and Insurance,2024,(EV/EBITDA Valuation) Intrinsic Value,NEGATIVE EQUITY VALUE,"implied EV ₹271,957,064 (EBITDA x 4.23x) is below net debt ₹309,985,000; equity value is nil"
Unifinz Capital India Limited,Banking Financial Services and Insurance,2023,(DCF) Intrinsic Value,NOT MEANINGFUL,"FCFF for FY2023 is negative (₹-66,991,074) and fewer than two positive years exist to normalise against"
Unifinz Capital India Limited,Banking Financial Services and Insurance,2023,(P/E Relative Valuation) Intrinsic Value,NOT MEANINGFUL,EPS for FY2023 is ₹-0.35 and no positive-EPS history exists to normalise against
Unifinz Capital India Limited,Banking Financial Services and Insurance,2023,(EV/EBITDA Valuation) Intrinsic Value,NOT MEANINGFUL,"EBITDA for FY2023 is ₹-2,748,000 (operating loss) and no positive history exists to normalise against"
Unifinz Capital India Limited,Banking Financial Services and Insurance,2022,(DCF) Intrinsic Value,NOT MEANINGFUL,"FCFF for FY2022 is negative (₹-1,871,130) and fewer than two positive years exist to normalise against"
Unifinz Capital India Limited,Banking Financial Services and Insurance,2022,(P/E Relative Valuation) Intrinsic Value,NOT MEANINGFUL,EPS for FY2022 is ₹-0.05 and no positive-EPS history exists to normalise against
Unifinz Capital India Limited,Banking Financial Services and Insurance,2022,(EV/EBITDA Valuation) Intrinsic Value,NOT MEANINGFUL,"EBITDA for FY2022 is ₹-1,091,674 (operating loss) and no positive history exists to normalise against"
Unifinz Capital India Limited,Banking Financial Services and Insurance,2021,(DCF) Intrinsic Value,NOT MEANINGFUL,"FCFF for FY2021 is negative (₹-1,554,324) and fewer than two positive years exist to normalise against"
Unifinz Capital India Limited,Banking Financial Services and Insurance,2021,(P/E Relative Valuation) Intrinsic Value,NOT MEANINGFUL,EPS for FY2021 is ₹-0.04 and no positive-EPS history exists to normalise against
Unifinz Capital India Limited,Banking Financial Services and Insurance,2021,(EV/EBITDA Valuation) Intrinsic Value,NOT MEANINGFUL,"EBITDA for FY2021 is ₹-906,840 (operating loss) and no positive history exists to normalise against"
Royal India Corporation Limited,Banking Financial Services and Insurance,2025,(DCF) Intrinsic Value,NEGATIVE EQUITY VALUE,"enterprise value ₹915,789,235 is below net debt ₹999,228,014; equity value is nil under these assumptions (WACC 11.44%, growth 18.00%)"
Royal India Corporation Limited,Banking Financial Services and Insurance,2025,(EV/EBITDA Valuation) Intrinsic Value,NEGATIVE EQUITY VALUE,"implied EV ₹850,321,595 (EBITDA x 5.51x) is below net debt ₹999,228,014; equity value is nil"
Royal India Corporation Limited,Banking Financial Services and Insurance,2024,(P/E Relative Valuation) Intrinsic Value,NOT MEANINGFUL,EPS for FY2024 is ₹-3.57 and no positive-EPS history exists to normalise against
Royal India Corporation Limited,Banking Financial Services and Insurance,2024,(EV/EBITDA Valuation) Intrinsic Value,NEGATIVE EQUITY VALUE,"implied EV ₹103,926,696 (EBITDA x 5.29x) is below net debt ₹1,311,765,490; equity value is nil"
Royal India Corporation Limited,Banking Financial Services and Insurance,2023,(P/E Relative Valuation) Intrinsic Value,NOT MEANINGFUL,EPS for FY2023 is ₹-1.61 and no positive-EPS history exists to normalise against
Royal India Corporation Limited,Banking Financial Services and Insurance,2023,(EV/EBITDA Valuation) Intrinsic Value,NEGATIVE EQUITY VALUE,"implied EV ₹209,702,284 (EBITDA x 5.20x) is below net debt ₹1,361,792,373; equity value is nil"
Royal India Corporation Limited,Banking Financial Services and Insurance,2022,(P/E Relative Valuation) Intrinsic Value,NOT MEANINGFUL,EPS for FY2022 is ₹-3.45 and no positive-EPS history exists to normalise against
Royal India Corporation Limited,Banking Financial Services and Insurance,2021,(P/E Relative Valuation) Intrinsic Value,NOT MEANINGFUL,EPS for FY2021 is ₹-0.10 and no positive-EPS history exists to normalise against
KSL Holdings Limited,Banking Financial Services and Insurance,2025,Market Price,TICKER NOT RESOLVED,'KSL Holdings Limited' matched no .NS or .BO symbol; add an explicit ticker column in the input CSV
KSL Holdings Limited,Banking Financial Services and Insurance,2025,(DCF) Intrinsic Value,TICKER NOT RESOLVED,'KSL Holdings Limited' matched no .NS or .BO symbol; add an explicit ticker column in the input CSV
KSL Holdings Limited,Banking Financial Services and Insurance,2025,(P/E Relative Valuation) Intrinsic Value,TICKER NOT RESOLVED,'KSL Holdings Limited' matched no .NS or .BO symbol; add an explicit ticker column in the input CSV
KSL Holdings Limited,Banking Financial Services and Insurance,2025,(EV/EBITDA Valuation) Intrinsic Value,TICKER NOT RESOLVED,'KSL Holdings Limited' matched no .NS or .BO symbol; add an explicit ticker column in the input CSV
KSL Holdings Limited,Banking Financial Services and Insurance,2025,(XGBoost) Intrinsic Value,TICKER NOT RESOLVED,'KSL Holdings Limited' matched no .NS or .BO symbol; add an explicit ticker column in the input CSV
KSL Holdings Limited,Banking Financial Services and Insurance,2025,(Random Forest) Intrinsic Value,TICKER NOT RESOLVED,'KSL Holdings Limited' matched no .NS or .BO symbol; add an explicit ticker column in the input CSV
KSL Holdings Limited,Banking Financial Services and Insurance,2025,(LightGBM) Intrinsic Value,TICKER NOT RESOLVED,'KSL Holdings Limited' matched no .NS or .BO symbol; add an explicit ticker column in the input CSV
KSL Holdings Limited,Banking Financial Services and Insurance,2024,Market Price,TICKER NOT RESOLVED,'KSL Holdings Limited' matched no .NS or .BO symbol; add an explicit ticker column in the input CSV
KSL Holdings Limited,Banking Financial Services and Insurance,2024,(DCF) Intrinsic Value,TICKER NOT RESOLVED,'KSL Holdings Limited' matched no .NS or .BO symbol; add an explicit ticker column in the input CSV
KSL Holdings Limited,Banking Financial Services and Insurance,2024,(P/E Relative Valuation) Intrinsic Value,TICKER NOT RESOLVED,'KSL Holdings Limited' matched no .NS or .BO symbol; add an explicit ticker column in the input CSV
KSL Holdings Limited,Banking Financial Services and Insurance,2024,(EV/EBITDA Valuation) Intrinsic Value,TICKER NOT RESOLVED,'KSL Holdings Limited' matched no .NS or .BO symbol; add an explicit ticker column in the input CSV
KSL Holdings Limited,Banking Financial Services and Insurance,2024,(XGBoost) Intrinsic Value,TICKER NOT RESOLVED,'KSL Holdings Limited' matched no .NS or .BO symbol; add an explicit ticker column in the input CSV
KSL Holdings Limited,Banking Financial Services and Insurance,2024,(Random Forest) Intrinsic Value,TICKER NOT RESOLVED,'KSL Holdings Limited' matched no .NS or .BO symbol; add an explicit ticker column in the input CSV
KSL Holdings Limited,Banking Financial Services and Insurance,2024,(LightGBM) Intrinsic Value,TICKER NOT RESOLVED,'KSL Holdings Limited' matched no .NS or .BO symbol; add an explicit ticker column in the input CSV
KSL Holdings Limited,Banking Financial Services and Insurance,2023,Market Price,TICKER NOT RESOLVED,'KSL Holdings Limited' matched no .NS or .BO symbol; add an explicit ticker column in the input CSV
KSL Holdings Limited,Banking Financial Services and Insurance,2023,(DCF) Intrinsic Value,TICKER NOT RESOLVED,'KSL Holdings Limited' matched no .NS or .BO symbol; add an explicit ticker column in the input CSV
KSL Holdings Limited,Banking Financial Services and Insurance,2023,(P/E Relative Valuation) Intrinsic Value,TICKER NOT RESOLVED,'KSL Holdings Limited' matched no .NS or .BO symbol; add an explicit ticker column in the input CSV
KSL Holdings Limited,Banking Financial Services and Insurance,2023,(EV/EBITDA Valuation) Intrinsic Value,TICKER NOT RESOLVED,'KSL Holdings Limited' matched no .NS or .BO symbol; add an explicit ticker column in the input CSV
KSL Holdings Limited,Banking Financial Services and Insurance,2023,(XGBoost) Intrinsic Value,TICKER NOT RESOLVED,'KSL Holdings Limited' matched no .NS or .BO symbol; add an explicit ticker column in the input CSV
KSL Holdings Limited,Banking Financial Services and Insurance,2023,(Random Forest) Intrinsic Value,TICKER NOT RESOLVED,'KSL Holdings Limited' matched no .NS or .BO symbol; add an explicit ticker column in the input CSV
KSL Holdings Limited,Banking Financial Services and Insurance,2023,(LightGBM) Intrinsic Value,TICKER NOT RESOLVED,'KSL Holdings Limited' matched no .NS or .BO symbol; add an explicit ticker column in the input CSV
KSL Holdings Limited,Banking Financial Services and Insurance,2022,Market Price,TICKER NOT RESOLVED,'KSL Holdings Limited' matched no .NS or .BO symbol; add an explicit ticker column in the input CSV
KSL Holdings Limited,Banking Financial Services and Insurance,2022,(DCF) Intrinsic Value,TICKER NOT RESOLVED,'KSL Holdings Limited' matched no .NS or .BO symbol; add an explicit ticker column in the input CSV
KSL Holdings Limited,Banking Financial Services and Insurance,2022,(P/E Relative Valuation) Intrinsic Value,TICKER NOT RESOLVED,'KSL Holdings Limited' matched no .NS or .BO symbol; add an explicit ticker column in the input CSV
KSL Holdings Limited,Banking Financial Services and Insurance,2022,(EV/EBITDA Valuation) Intrinsic Value,TICKER NOT RESOLVED,'KSL Holdings Limited' matched no .NS or .BO symbol; add an explicit ticker column in the input CSV
KSL Holdings Limited,Banking Financial Services and Insurance,2022,(XGBoost) Intrinsic Value,TICKER NOT RESOLVED,'KSL Holdings Limited' matched no .NS or .BO symbol; add an explicit ticker column in the input CSV
KSL Holdings Limited,Banking Financial Services and Insurance,2022,(Random Forest) Intrinsic Value,TICKER NOT RESOLVED,'KSL Holdings Limited' matched no .NS or .BO symbol; add an explicit ticker column in the input CSV
KSL Holdings Limited,Banking Financial Services and Insurance,2022,(LightGBM) Intrinsic Value,TICKER NOT RESOLVED,'KSL Holdings Limited' matched no .NS or .BO symbol; add an explicit ticker column in the input CSV
KSL Holdings Limited,Banking Financial Services and Insurance,2021,Market Price,TICKER NOT RESOLVED,'KSL Holdings Limited' matched no .NS or .BO symbol; add an explicit ticker column in the input CSV
KSL Holdings Limited,Banking Financial Services and Insurance,2021,(DCF) Intrinsic Value,TICKER NOT RESOLVED,'KSL Holdings Limited' matched no .NS or .BO symbol; add an explicit ticker column in the input CSV
KSL Holdings Limited,Banking Financial Services and Insurance,2021,(P/E Relative Valuation) Intrinsic Value,TICKER NOT RESOLVED,'KSL Holdings Limited' matched no .NS or .BO symbol; add an explicit ticker column in the input CSV
KSL Holdings Limited,Banking Financial Services and Insurance,2021,(EV/EBITDA Valuation) Intrinsic Value,TICKER NOT RESOLVED,'KSL Holdings Limited' matched no .NS or .BO symbol; add an explicit ticker column in the input CSV
KSL Holdings Limited,Banking Financial Services and Insurance,2021,(XGBoost) Intrinsic Value,TICKER NOT RESOLVED,'KSL Holdings Limited' matched no .NS or .BO symbol; add an explicit ticker column in the input CSV
KSL Holdings Limited,Banking Financial Services and Insurance,2021,(Random Forest) Intrinsic Value,TICKER NOT RESOLVED,'KSL Holdings Limited' matched no .NS or .BO symbol; add an explicit ticker column in the input CSV
KSL Holdings Limited,Banking Financial Services and Insurance,2021,(LightGBM) Intrinsic Value,TICKER NOT RESOLVED,'KSL Holdings Limited' matched no .NS or .BO symbol; add an explicit ticker column in the input CSV
Adani Ports and Special Economic Zone Limited,Infrastructure and Construction,2023,(DCF) Intrinsic Value,NEGATIVE EQUITY VALUE,"enterprise value ₹430,851,508,775 is below net debt ₹460,897,100,000; equity value is nil under these assumptions (WACC 9.42%, growth 18.00%)"
Mahalaxmi Rubtech Limited,Metals Mining and Materials,2022,Market Price,PRICE UNAVAILABLE,only 44 trading session(s) inside FY2022 (2022-01-27 to 2022-03-31); a mean over fewer than 60 sessions is not a full-year average - the scrip most likely listed part-way through this financial year
Mahalaxmi Rubtech Limited,Metals Mining and Materials,2022,(XGBoost) Intrinsic Value,PRICE UNAVAILABLE,XGBoost predicted a ratio of 1.948 but there is no FY2022 mean price to multiply it by
Mahalaxmi Rubtech Limited,Metals Mining and Materials,2022,(Random Forest) Intrinsic Value,PRICE UNAVAILABLE,Random Forest predicted a ratio of 1.791 but there is no FY2022 mean price to multiply it by
Mahalaxmi Rubtech Limited,Metals Mining and Materials,2022,(LightGBM) Intrinsic Value,PRICE UNAVAILABLE,LightGBM predicted a ratio of 1.537 but there is no FY2022 mean price to multiply it by
Mahalaxmi Rubtech Limited,Metals Mining and Materials,2021,Market Price,PRICE UNAVAILABLE,no traded closes between 2020-04-01 and 2021-03-31 (history available only for 2022-01-27 to 2026-04-02; listing may post-date this FY or the scrip was suspended)
Mahalaxmi Rubtech Limited,Metals Mining and Materials,2021,(XGBoost) Intrinsic Value,PRICE UNAVAILABLE,XGBoost predicted a ratio of 1.182 but there is no FY2021 mean price to multiply it by
Mahalaxmi Rubtech Limited,Metals Mining and Materials,2021,(Random Forest) Intrinsic Value,PRICE UNAVAILABLE,Random Forest predicted a ratio of 1.310 but there is no FY2021 mean price to multiply it by
Mahalaxmi Rubtech Limited,Metals Mining and Materials,2021,(LightGBM) Intrinsic Value,PRICE UNAVAILABLE,LightGBM predicted a ratio of 1.083 but there is no FY2021 mean price to multiply it by
Bombay Burmah Trading Corporation Limited,Trading and Diversified,2023,(DCF) Intrinsic Value,NEGATIVE EQUITY VALUE,"enterprise value ₹39,846,913,937 is below net debt ₹41,088,364,000; equity value is nil under these assumptions (WACC 7.52%, growth 8.00%)"
Bombay Burmah Trading Corporation Limited,Trading and Diversified,2023,(P/E Relative Valuation) Intrinsic Value,NOT MEANINGFUL,EPS for FY2023 is ₹-240.22 and no positive-EPS history exists to normalise against
Bombay Burmah Trading Corporation Limited,Trading and Diversified,2022,(DCF) Intrinsic Value,NOT MEANINGFUL,"FCFF for FY2022 is negative (₹-1,266,028,943) and fewer than two positive years exist to normalise against"
Bombay Burmah Trading Corporation Limited,Trading and Diversified,2021,(DCF) Intrinsic Value,NOT MEANINGFUL,"FCFF for FY2021 is negative (₹-1,208,697,290) and fewer than two positive years exist to normalise against"
Bombay Burmah Trading Corporation Limited,Trading and Diversified,2021,(P/E Relative Valuation) Intrinsic Value,NOT MEANINGFUL,EPS for FY2021 is ₹-218.95 and no positive-EPS history exists to normalise against
Kalyan Jewellers India Limited,Jewellery and Retail,2021,Market Price,PRICE UNAVAILABLE,only 3 trading session(s) inside FY2021 (2021-03-26 to 2021-03-31); a mean over fewer than 60 sessions is not a full-year average - the scrip most likely listed part-way through this financial year
Kalyan Jewellers India Limited,Jewellery and Retail,2021,(XGBoost) Intrinsic Value,PRICE UNAVAILABLE,XGBoost predicted a ratio of 1.096 but there is no FY2021 mean price to multiply it by
Kalyan Jewellers India Limited,Jewellery and Retail,2021,(Random Forest) Intrinsic Value,PRICE UNAVAILABLE,Random Forest predicted a ratio of 1.190 but there is no FY2021 mean price to multiply it by
Kalyan Jewellers India Limited,Jewellery and Retail,2021,(LightGBM) Intrinsic Value,PRICE UNAVAILABLE,LightGBM predicted a ratio of 1.227 but there is no FY2021 mean price to multiply it by
