ticker,name,sector,cap_bucket,mcap_cr,price,high_52w,down_from_high_pct,pe,roce_min_observed,roce_avg,roce_years_available,sales_cagr_pct,de_ratio,fy_complete,fii_pct_unverified,passes,fail_reasons,notes,errors,ROCE_FY2021,ROCE_FY2022,ROCE_FY2023,ROCE_FY2024,ROCE_FY2025
HAL.NS,Hindustan Aeronautics Limited,Defence and Aerospace,Large,334253.7,4998.0,5149.89990234375,2.95,35.84,17.49,20.03,3,6.87,0.0,3,15.83,False,only 3 FY(s) of usable fundamentals (need 4) | ROCE computable for only 3 FY(s) (need 4),,,,,18.05,24.56,17.49
BEL.NS,Bharat Electronics Limited,Defence and Aerospace,Large,299262.4,409.3999938964844,473.45001220703125,13.53,48.8,26.38,30.08,3,15.25,0.0,3,29.02,False,only 3 FY(s) of usable fundamentals (need 4) | ROCE computable for only 3 FY(s) (need 4) | P/E 48.8 above ceiling 40.0,,,,,26.38,30.13,33.72
BDL.NS,Bharat Dynamics Limited,Defence and Aerospace,Mid,48276.3,1317.0,1654.0,20.37,93.01,7.5,9.67,3,15.77,0.0,3,11.58,False,only 3 FY(s) of usable fundamentals (need 4) | ROCE computable for only 3 FY(s) (need 4) | P/E 93.01 above ceiling 40.0,,,,,7.5,11.32,10.19
MAZDOCK.NS,Mazagon Dock Shipbuilders Limited,Defence and Aerospace,Large,103668.7,2570.0,3061.39990234375,16.05,38.7,26.52,32.29,3,21.5,0.0,3,5.96,False,only 3 FY(s) of usable fundamentals (need 4) | ROCE computable for only 3 FY(s) (need 4),,,,,26.52,35.63,34.73
COCHINSHIP.NS,Cochin Shipyard Limited,Defence and Aerospace,Mid,39172.7,1489.0,1979.9000244140625,24.79,57.62,9.58,16.29,3,44.17,0.1,3,7.38,False,only 3 FY(s) of usable fundamentals (need 4) | ROCE computable for only 3 FY(s) (need 4) | P/E 57.62 above ceiling 40.0,,,,,9.58,20.28,19.01
GRSE.NS,Garden Reach Shipbuilders & Engineers Limited,Defence and Aerospace,Mid,29987.4,2617.800048828125,3339.0,21.6,37.45,20.31,26.7,3,41.14,0.0,3,3.82,False,only 3 FY(s) of usable fundamentals (need 4) | ROCE computable for only 3 FY(s) (need 4),,,,,20.31,27.42,32.36
SOLARINDS.NS,Solar Industries India Limited,Defence and Aerospace,Large,178808.4,19760.0,20422.0,3.24,89.46,30.0,31.67,3,4.27,0.31,3,45.2,False,only 3 FY(s) of usable fundamentals (need 4) | ROCE computable for only 3 FY(s) (need 4) | P/E 89.46 above ceiling 40.0,,,,,35.02,30.0,30.0
BHARATFORG.NS,Bharat Forge Limited,Defence and Aerospace,Large,98581.9,2062.0,2295.0,10.15,140.37,10.81,15.33,3,8.74,0.72,3,37.53,False,only 3 FY(s) of usable fundamentals (need 4) | ROCE computable for only 3 FY(s) (need 4) | P/E 140.37 above ceiling 40.0,,,,,10.81,18.93,16.25
DATAPATTNS.NS,Data Patterns (India) Limited,Defence and Aerospace,Mid,26313.6,4700.2001953125,4955.89990234375,5.16,98.45,12.71,16.58,3,24.99,0.0,3,19.24,False,only 3 FY(s) of usable fundamentals (need 4) | ROCE computable for only 3 FY(s) (need 4) | P/E 98.45 above ceiling 40.0,,,,,12.71,18.08,18.94
MTARTECH.NS,MTAR Technologies Limited,Defence and Aerospace,Mid,21880.8,7113.5,8714.0,18.37,163.19,11.16,14.56,3,8.65,0.24,3,35.96,False,only 3 FY(s) of usable fundamentals (need 4) | ROCE computable for only 3 FY(s) (need 4) | P/E 163.19 above ceiling 40.0,,,,,21.03,11.48,11.16
ZENTEC.NS,Zen Technologies Limited,Defence and Aerospace,Mid,17170.9,1909.0999755859375,2043.699951171875,6.59,94.98,22.31,28.2,3,110.93,0.05,3,11.42,False,only 3 FY(s) of usable fundamentals (need 4) | ROCE computable for only 3 FY(s) (need 4) | P/E 94.98 above ceiling 40.0,,,,,22.31,38.83,23.45
ASTRAMICRO.NS,Astra Microwave Products Limited,Defence and Aerospace,Mid,15990.6,1684.199951171875,1960.0,14.07,84.63,16.52,18.52,3,13.65,0.39,3,22.8,False,only 3 FY(s) of usable fundamentals (need 4) | ROCE computable for only 3 FY(s) (need 4) | P/E 84.63 above ceiling 40.0,,,,,16.52,17.43,21.62
PARAS.NS,Paras Defence and Space Technologies Limited,Defence and Aerospace,Small,12104.2,1502.0,1577.0,4.76,128.71,9.38,11.49,3,28.52,0.04,3,6.92,False,only 3 FY(s) of usable fundamentals (need 4) | ROCE computable for only 3 FY(s) (need 4) | P/E 128.71 above ceiling 40.0,,,,,11.84,9.38,13.26
APOLLO.NS,Apollo Micro Systems Limited,Defence and Aerospace,Small,14371.6,386.75,466.5,17.1,116.14,9.91,12.17,3,37.45,0.55,3,1.82,False,only 3 FY(s) of usable fundamentals (need 4) | ROCE computable for only 3 FY(s) (need 4) | P/E 116.14 above ceiling 40.0,,,,,9.91,10.45,16.16
IDEAFORGE.NS,ideaForge Technology Limited,Defence and Aerospace,Small,4009.5,806.5999755859375,992.25,18.71,886.37,-9.88,4.38,3,-2.23,0.03,3,14.67,False,only 3 FY(s) of usable fundamentals (need 4) | ROCE computable for only 3 FY(s) (need 4) | P/E 886.37 above ceiling 40.0,,,,,13.44,9.59,-9.88
DYNAMATECH.NS,Dynamatic Technologies Limited,Defence and Aerospace,Small,7990.1,11765.0,12875.0,8.62,189.15,10.93,14.22,3,3.92,0.8,3,15.87,False,only 3 FY(s) of usable fundamentals (need 4) | ROCE computable for only 3 FY(s) (need 4) | P/E 189.15 above ceiling 40.0,,,,,12.61,19.12,10.93
AZAD.NS,AZAD ENGINEERING LIMITED,Defence and Aerospace,Mid,17867.2,2766.60009765625,2986.60009765625,7.37,128.68,8.73,11.33,3,37.58,0.19,3,21.24,False,only 3 FY(s) of usable fundamentals (need 4) | ROCE computable for only 3 FY(s) (need 4) | P/E 128.68 above ceiling 40.0,,,,,9.03,16.24,8.73
UNIMECH.NS,UNIMECH AEROSPACE N MFG L,Defence and Aerospace,Small,7677.5,1508.300048828125,1555.0,3.0,107.12,14.8,43.78,3,61.11,0.13,3,7.78,False,only 3 FY(s) of usable fundamentals (need 4) | ROCE computable for only 3 FY(s) (need 4) | P/E 107.12 above ceiling 40.0,,,,,51.58,64.97,14.8
TASTYBITE.NS,Tasty Bite Eatables Limited,Defence and Aerospace,Small,2592.8,10104.5,10544.0,4.17,72.03,10.6,13.93,3,7.99,0.23,3,3.6,False,only 3 FY(s) of usable fundamentals (need 4) | ROCE computable for only 3 FY(s) (need 4) | P/E 72.03 above ceiling 40.0,,,,,14.22,16.98,10.6
NTPC.NS,NTPC Limited,Power and Renewable Energy,Large,327262.5,337.5,414.3999938964844,18.56,10.32,9.77,9.99,3,3.44,1.36,3,38.47,False,only 3 FY(s) of usable fundamentals (need 4) | ROCE computable for only 3 FY(s) (need 4) | debt/equity 1.36 above 1.0,,,,,9.81,10.39,9.77
POWERGRID.NS,Power Grid Corporation of India Limited,Power and Renewable Energy,Large,246280.0,264.79998779296875,324.95001220703125,18.51,12.97,11.71,12.38,3,0.08,1.45,3,35.93,False,only 3 FY(s) of usable fundamentals (need 4) | ROCE computable for only 3 FY(s) (need 4) | debt/equity 1.45 above 1.0,,,,,11.71,12.95,12.47
TATAPOWER.NS,The Tata Power Company Limited,Power and Renewable Energy,Large,119905.1,375.25,464.8999938964844,19.28,31.04,9.6,10.38,3,8.86,1.9,3,21.63,False,only 3 FY(s) of usable fundamentals (need 4) | ROCE computable for only 3 FY(s) (need 4) | debt/equity 1.9 above 1.0,,,,,11.28,10.25,9.6
JSWENERGY.NS,JSW Energy Limited,Power and Renewable Energy,Large,99314.6,542.0,617.3499755859375,12.21,42.58,5.63,6.8,3,7.65,1.83,3,21.4,False,only 3 FY(s) of usable fundamentals (need 4) | ROCE computable for only 3 FY(s) (need 4) | P/E 42.58 above ceiling 40.0 | debt/equity 1.83 above 1.0,,,,,6.75,8.02,5.63
NHPC.NS,NHPC Limited,Power and Renewable Energy,Large,76693.8,76.3499984741211,89.22000122070312,14.43,27.97,8.41,8.61,3,-0.5,1.05,3,21.5,False,only 3 FY(s) of usable fundamentals (need 4) | ROCE computable for only 3 FY(s) (need 4) | debt/equity 1.05 above 1.0,,,,,8.99,8.41,8.44
SJVN.NS,SJVN Limited,Power and Renewable Energy,Mid,25901.3,65.91000366210938,101.44999694824219,35.03,37.45,4.16,5.3,3,3.63,1.91,3,5.74,False,only 3 FY(s) of usable fundamentals (need 4) | ROCE computable for only 3 FY(s) (need 4) | debt/equity 1.91 above 1.0,,,,,7.03,4.72,4.16
TORNTPOWER.NS,Torrent Power Limited,Power and Renewable Energy,Large,62922.4,1248.699951171875,1824.0999755859375,31.54,27.5,13.68,15.05,3,6.55,0.5,3,27.74,False,only 3 FY(s) of usable fundamentals (need 4) | ROCE computable for only 3 FY(s) (need 4),,,,,16.73,13.68,14.73
CESC.NS,CESC Limited,Power and Renewable Energy,Mid,20759.8,156.61000061035156,204.5,23.42,13.34,9.68,9.84,3,7.88,1.5,3,77.38,False,only 3 FY(s) of usable fundamentals (need 4) | ROCE computable for only 3 FY(s) (need 4) | debt/equity 1.5 above 1.0,,,,,9.68,9.92,9.91
ADANIGREEN.NS,Adani Green Energy Limited,Power and Renewable Energy,Large,214429.4,1301.800048828125,1631.5,20.21,124.34,6.89,7.95,3,19.2,6.55,3,16.98,False,only 3 FY(s) of usable fundamentals (need 4) | ROCE computable for only 3 FY(s) (need 4) | P/E 124.34 above ceiling 40.0 | debt/equity 6.55 above 1.0,,,,,6.89,9.49,7.46
ADANIPOWER.NS,Adani Power Limited,Power and Renewable Energy,Large,393407.8,204.0,254.1999969482422,19.75,27.6,15.74,22.36,3,21.5,0.7,3,18.92,False,only 3 FY(s) of usable fundamentals (need 4) | ROCE computable for only 3 FY(s) (need 4),,,,,15.74,31.19,20.14
SUZLON.NS,Suzlon Energy Limited,Power and Renewable Energy,Large,64605.2,47.0,61.5,23.58,20.52,18.35,52.13,3,35.59,0.12,3,23.84,False,only 3 FY(s) of usable fundamentals (need 4) | ROCE computable for only 3 FY(s) (need 4),,,,,116.02,18.35,22.03
INOXWIND.NS,Inox Wind Limited,Power and Renewable Energy,Small,12771.7,73.9000015258789,159.3000030517578,53.61,30.54,-12.91,1.09,3,120.63,0.3,3,21.3,False,only 3 FY(s) of usable fundamentals (need 4) | ROCE computable for only 3 FY(s) (need 4),,,,,-12.91,3.88,12.3
KPIGREEN.NS,KPI Green Energy Limited,Power and Renewable Energy,Small,6069.5,307.04998779296875,542.25,43.37,13.29,13.02,17.77,3,64.19,0.61,3,5.34,False,only 3 FY(s) of usable fundamentals (need 4) | ROCE computable for only 3 FY(s) (need 4),,,,,20.96,19.32,13.02
INOXGREEN.NS,Inox Green Energy Services Limited,Power and Renewable Energy,Small,7029.3,175.0800018310547,279.0,37.25,55.23,1.76,2.72,3,5.57,0.09,3,5.04,False,only 3 FY(s) of usable fundamentals (need 4) | ROCE computable for only 3 FY(s) (need 4) | P/E 55.23 above ceiling 40.0,,,,,1.76,3.33,3.08
WAAREEENER.NS,WAAREE ENERGIES LIMITED,Power and Renewable Energy,Large,76946.7,2675.0,3865.0,30.79,20.17,24.78,28.77,3,47.85,0.16,3,8.64,False,only 3 FY(s) of usable fundamentals (need 4) | ROCE computable for only 3 FY(s) (need 4),,,,,29.98,31.55,24.78
PREMIERENE.NS,PREMIER ENERGIES LIMITED,Power and Renewable Energy,Mid,46950.4,1040.0,1134.0,8.29,27.9,3.74,20.38,3,113.7,0.69,3,19.81,False,only 3 FY(s) of usable fundamentals (need 4) | ROCE computable for only 3 FY(s) (need 4),,,,,3.74,22.47,34.93
GREENPOWER.NS,Orient Green Power Company Limited,Power and Renewable Energy,Small,1119.1,9.539999961853027,14.930000305175781,36.1,17.67,6.85,8.21,3,0.4,0.51,3,1.79,False,only 3 FY(s) of usable fundamentals (need 4) | ROCE computable for only 3 FY(s) (need 4),,,,,9.55,8.24,6.85
JPPOWER.NS,Jaiprakash Power Ventures Limited,Power and Renewable Energy,Small,11719.4,17.100000381469727,24.5,30.2,24.43,5.27,8.71,3,-2.78,0.31,3,11.15,False,only 3 FY(s) of usable fundamentals (need 4) | ROCE computable for only 3 FY(s) (need 4),,,,,5.27,10.9,9.95
DIXON.NS,Dixon Technologies (India) Limited,Semiconductor and Electronics Manufacturing,Large,90290.8,14850.0,18471.0,19.6,43.51,23.07,29.8,3,78.67,0.22,3,35.77,False,only 3 FY(s) of usable fundamentals (need 4) | ROCE computable for only 3 FY(s) (need 4) | P/E 43.51 above ceiling 40.0,,,,,23.07,25.01,41.33
KAYNES.NS,Kaynes Technology India Limited,Semiconductor and Electronics Manufacturing,Mid,25645.4,3815.0,7705.0,50.49,74.47,11.19,14.34,3,55.47,0.32,3,16.28,False,only 3 FY(s) of usable fundamentals (need 4) | ROCE computable for only 3 FY(s) (need 4) | P/E 74.47 above ceiling 40.0,,,,,15.86,11.19,15.98
SYRMA.NS,Syrma SGS Technology Limited,Semiconductor and Electronics Manufacturing,Mid,27809.3,1443.699951171875,1543.0,6.44,74.88,11.05,12.51,3,35.97,0.38,3,17.23,False,only 3 FY(s) of usable fundamentals (need 4) | ROCE computable for only 3 FY(s) (need 4) | P/E 74.88 above ceiling 40.0,,,,,11.85,11.05,14.62
AVALON.NS,Avalon Technologies Limited,Semiconductor and Electronics Manufacturing,Mid,15002.6,2245.5,2351.0,4.49,112.33,7.41,12.45,3,7.93,0.27,3,26.82,False,only 3 FY(s) of usable fundamentals (need 4) | ROCE computable for only 3 FY(s) (need 4) | P/E 112.33 above ceiling 40.0,,,,,14.54,7.41,15.41
CENTUM.NS,Centum Electronics Limited,Semiconductor and Electronics Manufacturing,Small,5087.0,3446.0,3968.800048828125,13.17,54.12,9.23,12.16,3,-8.62,0.46,3,19.09,False,only 3 FY(s) of usable fundamentals (need 4) | ROCE computable for only 3 FY(s) (need 4) | P/E 54.12 above ceiling 40.0,,,,,9.23,9.48,17.77
AMBER.NS,Amber Enterprises India Limited,Semiconductor and Electronics Manufacturing,Mid,25657.3,7275.0,8974.0,18.93,278.74,10.4,12.22,3,21.59,0.9,3,39.88,False,only 3 FY(s) of usable fundamentals (need 4) | ROCE computable for only 3 FY(s) (need 4) | P/E 278.74 above ceiling 40.0,,,,,11.32,10.4,14.95
PGEL.NS,PG Electroplast Limited,Semiconductor and Electronics Manufacturing,Mid,17248.5,602.0499877929688,644.4000244140625,6.57,83.39,14.42,16.09,3,51.09,0.14,3,26.18,False,only 3 FY(s) of usable fundamentals (need 4) | ROCE computable for only 3 FY(s) (need 4) | P/E 83.39 above ceiling 40.0,,,,,18.23,15.63,14.42
CYIENTDLM.NS,Cyient DLM Limited,Semiconductor and Electronics Manufacturing,Small,5795.6,730.25,764.7999877929688,4.52,70.9,10.85,14.05,3,35.14,0.32,3,29.15,False,only 3 FY(s) of usable fundamentals (need 4) | ROCE computable for only 3 FY(s) (need 4) | P/E 70.9 above ceiling 40.0,,,,,20.24,10.85,11.06
MOSCHIP.NS,MOSCHIP TECHNOLOGIES LTD,Semiconductor and Electronics Manufacturing,Small,4013.0,206.30999755859375,288.45001220703125,28.48,149.5,5.68,8.52,3,53.41,0.06,3,0.38,False,only 3 FY(s) of usable fundamentals (need 4) | ROCE computable for only 3 FY(s) (need 4) | P/E 149.5 above ceiling 40.0,,,,,8.67,5.68,11.22
TATAELXSI.NS,Tata Elxsi Limited,Semiconductor and Electronics Manufacturing,Mid,22801.6,3660.0,5950.0,38.49,34.85,34.27,38.34,3,8.89,0.07,3,15.08,False,only 3 FY(s) of usable fundamentals (need 4) | ROCE computable for only 3 FY(s) (need 4),,,,,41.74,39.0,34.27
ELIN.NS,Elin Electronics Limited,Semiconductor and Electronics Manufacturing,Small,495.2,99.62000274658203,234.0,57.43,16.3,5.33,7.54,3,4.76,0.05,3,6.59,False,only 3 FY(s) of usable fundamentals (need 4) | ROCE computable for only 3 FY(s) (need 4),"P/E derived from latest FY EPS, not TTM",,,,8.89,5.33,8.41
OPTIEMUS.NS,Optiemus Infracom Limited,Semiconductor and Electronics Manufacturing,Small,4974.9,551.75,713.0,22.62,68.2,12.85,14.29,3,28.65,0.3,3,2.55,False,only 3 FY(s) of usable fundamentals (need 4) | ROCE computable for only 3 FY(s) (need 4) | P/E 68.2 above ceiling 40.0,,,,,13.22,16.79,12.85
EPACK.NS,EPACK Durable Limited,Semiconductor and Electronics Manufacturing,Small,1954.0,203.05999755859375,409.5,50.41,35.31,8.53,12.11,3,20.36,0.44,3,5.11,False,only 3 FY(s) of usable fundamentals (need 4) | ROCE computable for only 3 FY(s) (need 4),"P/E derived from latest FY EPS, not TTM",,,,15.45,8.53,12.34
517035.BO,"517035.BO,0P0000AVPO,4567",Semiconductor and Electronics Manufacturing,Small,1359.2,166.10000610351562,388.1000061035156,57.2,171.64,9.81,12.56,3,22.62,0.19,3,,False,only 3 FY(s) of usable fundamentals (need 4) | ROCE computable for only 3 FY(s) (need 4) | P/E 171.64 above ceiling 40.0,,,,,15.56,12.31,9.81
LT.NS,Larsen & Toubro Limited,Capital Goods and Industrial Manufacturing,Large,561491.0,4081.0,4440.0,8.09,33.89,12.05,13.99,3,18.29,1.36,3,52.69,False,only 3 FY(s) of usable fundamentals (need 4) | ROCE computable for only 3 FY(s) (need 4) | debt/equity 1.36 above 1.0,,,,,12.05,14.75,15.16
SIEMENS.NS,Siemens Limited,Capital Goods and Industrial Manufacturing,Large,138174.8,3880.0,4097.89990234375,5.32,81.56,,,0,,,0,10.92,False,only 0 FY(s) of usable fundamentals (need 4) | ROCE computable for only 0 FY(s) (need 4) | P/E 81.56 above ceiling 40.0,,,,,,,
ABB.NS,ABB India Limited,Capital Goods and Industrial Manufacturing,Large,158486.3,7479.0,7924.5,5.62,100.66,27.66,30.37,3,19.26,0.01,3,13.54,False,only 3 FY(s) of usable fundamentals (need 4) | ROCE computable for only 3 FY(s) (need 4) | P/E 100.66 above ceiling 40.0,,,,,27.66,27.91,35.53
CUMMINSIND.NS,Cummins India Limited,Capital Goods and Industrial Manufacturing,Large,144282.6,5205.0,6100.0,14.67,60.8,26.67,30.64,3,15.64,0.0,3,28.5,False,only 3 FY(s) of usable fundamentals (need 4) | ROCE computable for only 3 FY(s) (need 4) | P/E 60.8 above ceiling 40.0,,,,,26.67,32.28,32.98
CARBORUNIV.NS,Carborundum Universal Limited,Capital Goods and Industrial Manufacturing,Mid,21671.9,1137.5999755859375,1306.9000244140625,12.95,102.58,12.26,16.79,3,2.5,0.05,3,38.78,False,only 3 FY(s) of usable fundamentals (need 4) | ROCE computable for only 3 FY(s) (need 4) | P/E 102.58 above ceiling 40.0,,,,,18.92,19.19,12.26
THERMAX.NS,Thermax Limited,Capital Goods and Industrial Manufacturing,Mid,45442.5,4034.0,5277.7998046875,23.57,76.5,14.45,15.88,3,13.05,0.35,3,20.66,False,only 3 FY(s) of usable fundamentals (need 4) | ROCE computable for only 3 FY(s) (need 4) | P/E 76.5 above ceiling 40.0,,,,,14.45,17.59,15.6
AIAENG.NS,AIA Engineering Limited,Capital Goods and Industrial Manufacturing,Mid,40665.3,4357.60009765625,5180.0,15.88,32.16,19.72,22.07,3,-6.66,0.07,3,34.72,False,only 3 FY(s) of usable fundamentals (need 4) | ROCE computable for only 3 FY(s) (need 4),,,,,24.01,22.48,19.72
GRINDWELL.NS,Grindwell Norton Limited,Capital Goods and Industrial Manufacturing,Mid,22800.6,2059.300048828125,2455.0,16.12,52.25,20.71,23.33,3,5.28,0.04,3,22.25,False,only 3 FY(s) of usable fundamentals (need 4) | ROCE computable for only 3 FY(s) (need 4) | P/E 52.25 above ceiling 40.0,,,,,25.81,23.47,20.71
TIMKEN.NS,Timken India Limited,Capital Goods and Industrial Manufacturing,Mid,23891.7,3176.300048828125,3925.0,19.08,56.16,19.44,21.72,3,6.86,0.01,3,33.09,False,only 3 FY(s) of usable fundamentals (need 4) | ROCE computable for only 3 FY(s) (need 4) | P/E 56.16 above ceiling 40.0,,,,,24.72,21.0,19.44
SKFINDIA.NS,SKF India Limited,Capital Goods and Industrial Manufacturing,Small,7918.5,1601.699951171875,5074.0,68.43,37.8,27.06,28.89,3,6.81,0.0,3,28.84,False,only 3 FY(s) of usable fundamentals (need 4) | ROCE computable for only 3 FY(s) (need 4),,,,,30.81,27.06,28.79
SCHAEFFLER.NS,Schaeffler India Limited,Capital Goods and Industrial Manufacturing,Large,63292.0,4049.300048828125,4467.7001953125,9.37,50.58,23.75,25.31,3,9.71,0.01,3,18.07,False,only 3 FY(s) of usable fundamentals (need 4) | ROCE computable for only 3 FY(s) (need 4) | P/E 50.58 above ceiling 40.0,,,,,27.14,25.03,23.75
ELGIEQUIP.NS,Elgi Equipments Limited,Capital Goods and Industrial Manufacturing,Mid,19937.4,632.4500122070312,644.0,1.79,44.66,26.14,29.77,3,7.47,0.31,3,20.02,False,only 3 FY(s) of usable fundamentals (need 4) | ROCE computable for only 3 FY(s) (need 4) | P/E 44.66 above ceiling 40.0,,,,,35.81,27.35,26.14
KIRLOSENG.NS,Kirloskar Oil Engines Limited,Capital Goods and Industrial Manufacturing,Mid,31288.2,2150.10009765625,2720.0,20.95,57.43,15.26,16.6,3,12.4,1.89,3,30.62,False,only 3 FY(s) of usable fundamentals (need 4) | ROCE computable for only 3 FY(s) (need 4) | P/E 57.43 above ceiling 40.0 | debt/equity 1.89 above 1.0,,,,,15.26,19.03,15.51
KIRLOSBROS.NS,Kirloskar Brothers Limited,Capital Goods and Industrial Manufacturing,Mid,15232.2,1918.199951171875,2189.199951171875,12.38,40.79,20.56,23.72,3,9.75,0.09,3,12.81,False,only 3 FY(s) of usable fundamentals (need 4) | ROCE computable for only 3 FY(s) (need 4) | P/E 40.79 above ceiling 40.0,,,,,20.56,25.78,24.81
TDPOWERSYS.NS,TD Power Systems Limited,Capital Goods and Industrial Manufacturing,Mid,23551.4,1507.5,1597.699951171875,5.65,85.56,21.22,23.65,3,21.63,0.01,3,38.76,False,only 3 FY(s) of usable fundamentals (need 4) | ROCE computable for only 3 FY(s) (need 4) | P/E 85.56 above ceiling 40.0,,,,,21.22,22.81,26.92
BEML.NS,BEML Limited,Capital Goods and Industrial Manufacturing,Mid,16348.0,1962.800048828125,2275.75,13.75,91.55,10.14,11.16,3,2.89,0.11,3,22.4,False,only 3 FY(s) of usable fundamentals (need 4) | ROCE computable for only 3 FY(s) (need 4) | P/E 91.55 above ceiling 40.0,,,,,10.14,11.89,11.44
GMMPFAUDLR.NS,GMM Pfaudler Limited,Capital Goods and Industrial Manufacturing,Small,4577.5,1018.2000122070312,1307.5,22.13,64.81,8.52,13.79,3,0.55,0.83,3,19.96,False,only 3 FY(s) of usable fundamentals (need 4) | ROCE computable for only 3 FY(s) (need 4) | P/E 64.81 above ceiling 40.0,,,,,16.53,16.31,8.52
KSB.NS,KSB Limited,Capital Goods and Industrial Manufacturing,Small,13966.6,802.5,1028.300048828125,21.96,56.83,21.13,21.28,3,18.05,0.0,3,14.05,False,only 3 FY(s) of usable fundamentals (need 4) | ROCE computable for only 3 FY(s) (need 4) | P/E 56.83 above ceiling 40.0,,,,,21.13,21.17,21.55
TRITURBINE.NS,Triveni Turbine Limited,Capital Goods and Industrial Manufacturing,Mid,18439.7,580.0499877929688,787.5999755859375,26.35,54.72,32.96,36.05,3,26.98,0.03,3,28.69,False,only 3 FY(s) of usable fundamentals (need 4) | ROCE computable for only 3 FY(s) (need 4) | P/E 54.72 above ceiling 40.0,,,,,32.96,36.58,38.61
ESABINDIA.NS,ESAB India Limited,Capital Goods and Industrial Manufacturing,Small,9472.9,6154.0,7319.5,15.92,42.75,63.69,67.11,3,12.2,0.01,3,13.57,False,only 3 FY(s) of usable fundamentals (need 4) | ROCE computable for only 3 FY(s) (need 4) | P/E 42.75 above ceiling 40.0,,,,,67.54,70.09,63.69
POWERINDIA.NS,Hitachi Energy India Limited,Capital Goods and Industrial Manufacturing,Large,149362.0,33510.0,38785.0,13.6,130.45,13.08,15.18,3,19.83,0.02,3,10.12,False,only 3 FY(s) of usable fundamentals (need 4) | ROCE computable for only 3 FY(s) (need 4) | P/E 130.45 above ceiling 40.0,,,,,13.52,18.94,13.08
BHEL.NS,Bharat Heavy Electricals Limited,Capital Goods and Industrial Manufacturing,Large,143983.3,413.5,446.5,7.39,58.99,2.89,3.45,3,11.16,0.36,3,23.79,False,only 3 FY(s) of usable fundamentals (need 4) | ROCE computable for only 3 FY(s) (need 4) | P/E 58.99 above ceiling 40.0,,,,,3.7,2.89,3.75
APOLLOHOSP.NS,Apollo Hospitals Enterprise Limited,Healthcare and Medical Devices,Large,125595.9,8735.0,9050.0,3.48,60.14,13.13,14.42,3,14.41,0.66,3,50.11,False,only 3 FY(s) of usable fundamentals (need 4) | ROCE computable for only 3 FY(s) (need 4) | P/E 60.14 above ceiling 40.0,,,,,13.13,14.81,15.31
FORTIS.NS,Fortis Healthcare Limited,Healthcare and Medical Devices,Large,69214.6,916.7999877929688,1104.300048828125,16.98,66.19,8.38,9.18,3,11.5,0.28,3,50.18,False,only 3 FY(s) of usable fundamentals (need 4) | ROCE computable for only 3 FY(s) (need 4) | P/E 66.19 above ceiling 40.0,,,,,8.38,9.55,9.61
MAXHEALTH.NS,Max Healthcare Institute Limited,Healthcare and Medical Devices,Large,97123.3,997.9000244140625,1256.0,20.55,66.7,11.6,12.41,3,24.07,0.32,3,61.41,False,only 3 FY(s) of usable fundamentals (need 4) | ROCE computable for only 3 FY(s) (need 4) | P/E 66.7 above ceiling 40.0,,,,,12.53,13.11,11.6
NH.NS,Narayana Hrudayalaya Limited,Healthcare and Medical Devices,Mid,36543.8,1799.300048828125,2093.300048828125,14.04,44.58,17.82,21.8,3,10.3,0.67,3,12.95,False,only 3 FY(s) of usable fundamentals (need 4) | ROCE computable for only 3 FY(s) (need 4) | P/E 44.58 above ceiling 40.0,,,,,25.85,21.73,17.82
KIMS.NS,Krishna Institute of Medical Sciences Limited,Healthcare and Medical Devices,Mid,31611.0,790.0,858.0,7.93,154.0,13.2,15.84,3,17.71,1.2,3,41.49,False,only 3 FY(s) of usable fundamentals (need 4) | ROCE computable for only 3 FY(s) (need 4) | P/E 154.0 above ceiling 40.0 | debt/equity 1.2 above 1.0,,,,,19.44,14.88,13.2
ASTERDM.NS,Aster DM Quality Care Limited,Healthcare and Medical Devices,Large,66739.6,765.6500244140625,891.2999877929688,14.1,124.29,2.74,6.2,3,18.41,0.59,3,20.25,False,only 3 FY(s) of usable fundamentals (need 4) | ROCE computable for only 3 FY(s) (need 4) | P/E 124.29 above ceiling 40.0,,,,,2.74,5.48,10.39
RAINBOW.NS,Rainbow Children's Medicare Limited,Healthcare and Medical Devices,Small,14745.8,1453.5,1610.0,9.72,51.78,17.51,18.73,3,13.49,0.52,3,36.59,False,only 3 FY(s) of usable fundamentals (need 4) | ROCE computable for only 3 FY(s) (need 4) | P/E 51.78 above ceiling 40.0,,,,,20.61,17.51,18.08
YATHARTH.NS,Yatharth Hospital & Trauma Care Services Limited,Healthcare and Medical Devices,Small,8169.4,847.8499755859375,919.5,7.79,45.41,10.89,18.86,3,30.47,0.01,3,12.49,False,only 3 FY(s) of usable fundamentals (need 4) | ROCE computable for only 3 FY(s) (need 4) | P/E 45.41 above ceiling 40.0,,,,,28.22,17.46,10.89
INDRAMEDCO.NS,Indraprastha Medical Corporation Limited,Healthcare and Medical Devices,Small,3454.2,376.79998779296875,640.8499755859375,41.2,18.36,27.65,30.23,3,12.86,0.05,3,0.66,False,only 3 FY(s) of usable fundamentals (need 4) | ROCE computable for only 3 FY(s) (need 4),,,,,27.65,29.97,33.08
GLOBALHLTH.NS,GLOBALHLTH,Healthcare and Medical Devices,,,,,,,,,0,,,0,,False,only 0 FY(s) of usable fundamentals (need 4) | ROCE computable for only 0 FY(s) (need 4) | P/E unavailable (loss-making or EPS missing) | market cap unavailable,,income statement empty | balance sheet empty,,,,,
HCG.NS,HealthCare Global Enterprises Limited,Healthcare and Medical Devices,Small,10905.8,730.4500122070312,804.6500244140625,9.22,465.25,7.98,8.34,3,15.04,1.99,3,19.03,False,only 3 FY(s) of usable fundamentals (need 4) | ROCE computable for only 3 FY(s) (need 4) | P/E 465.25 above ceiling 40.0 | debt/equity 1.99 above 1.0,,,,,7.98,8.58,8.47
SHALBY.NS,Shalby Limited,Healthcare and Medical Devices,Small,1658.5,154.57000732421875,274.70001220703125,43.73,44.16,7.57,9.6,3,16.59,0.48,3,0.06,False,only 3 FY(s) of usable fundamentals (need 4) | ROCE computable for only 3 FY(s) (need 4) | P/E 44.16 above ceiling 40.0,,,,,10.12,11.1,7.57
KRSNAA.NS,Krsnaa Diagnostics Limited,Healthcare and Medical Devices,Small,1784.1,550.0,894.4000244140625,38.51,18.52,9.44,11.06,3,21.34,0.23,3,13.47,False,only 3 FY(s) of usable fundamentals (need 4) | ROCE computable for only 3 FY(s) (need 4),,,,,10.69,9.44,13.04
VIJAYA.NS,Vijaya Diagnostic Centre Limited,Healthcare and Medical Devices,Mid,15433.2,1498.4000244140625,1573.0,4.74,82.42,16.89,18.84,3,21.84,0.4,3,39.67,False,only 3 FY(s) of usable fundamentals (need 4) | ROCE computable for only 3 FY(s) (need 4) | P/E 82.42 above ceiling 40.0,,,,,16.89,19.85,19.79
METROPOLIS.NS,Metropolis Healthcare Limited,Healthcare and Medical Devices,Small,11215.5,540.7999877929688,609.0499877929688,11.21,55.35,13.31,15.23,3,7.67,0.15,3,44.6,False,only 3 FY(s) of usable fundamentals (need 4) | ROCE computable for only 3 FY(s) (need 4) | P/E 55.35 above ceiling 40.0,,,,,17.33,15.06,13.31
DRLALPATHLABS.NS,DRLALPATHLABS,Healthcare and Medical Devices,,,,,,,,,0,,,0,,False,only 0 FY(s) of usable fundamentals (need 4) | ROCE computable for only 0 FY(s) (need 4) | P/E unavailable (loss-making or EPS missing) | market cap unavailable,,income statement empty | balance sheet empty,,,,,
THYROCARE.NS,Thyrocare Technologies Limited,Healthcare and Medical Devices,Small,9019.7,566.7000122070312,662.0,14.4,51.47,16.37,20.16,3,14.72,0.05,3,22.5,False,only 3 FY(s) of usable fundamentals (need 4) | ROCE computable for only 3 FY(s) (need 4) | P/E 51.47 above ceiling 40.0,,,,,16.37,18.1,26.01
POLYMED.NS,Poly Medicure Limited,Healthcare and Medical Devices,Mid,17936.9,1769.5999755859375,2144.89990234375,17.5,57.12,16.46,19.72,3,22.73,0.07,3,18.04,False,only 3 FY(s) of usable fundamentals (need 4) | ROCE computable for only 3 FY(s) (need 4) | P/E 57.12 above ceiling 40.0,,,,,19.16,23.55,16.46
TARSONS.NS,Tarsons Products Limited,Healthcare and Medical Devices,Small,1794.6,337.29998779296875,375.0,10.05,161.39,7.1,11.17,3,18.1,0.54,3,0.01,False,only 3 FY(s) of usable fundamentals (need 4) | ROCE computable for only 3 FY(s) (need 4) | P/E 161.39 above ceiling 40.0,,,,,17.07,9.33,7.1
